"final_taxon_name","Artal","stod","Flokkun","N","exact_taxon_name","matched_taxon_name","Major Group","Family code","Species code","Food Source","Motility","Habit","Om/Ca/He","Food size/type","FeedMode","Feeding guild","Cleaned Taxon name"
"Alia carinata","2017","B5","Acanthocardia echinata",8,NA,"Alia carinata","MOGA","0516","0032","SR","M","F","Ca","mac","Pr","SR-Pr-mac","Alia carinata"
"Ampharete acutifrons","2014","E3","Ampharete acutifrons",8,"Ampharete acutifrons","Ampharete acutifrons","POSE","0242","0040","SR","D","T","Om","sed/pom/mic/dia","De","SR-De","Ampharete acutifrons"
"Amphitrite cirrata","2016","E3","Amphitrite cirrata",8,"Amphitrite cirrata","Amphitrite cirrata","POSE","0314","0076","SR","D","T","Om","sed/pom/mic/dia","De","SR-De","Amphitrite cirrata"
"Amphitrite cirrata","2017","E3","Amphitrite cirrata",8,"Amphitrite cirrata","Amphitrite cirrata","POSE","0314","0076","SR","D","T","Om","sed/pom/mic/dia","De","SR-De","Amphitrite cirrata"
"Amphitrite cirrata","2015","E3","Amphitrite cirrata",8,"Amphitrite cirrata","Amphitrite cirrata","POSE","0314","0076","SR","D","T","Om","sed/pom/mic/dia","De","SR-De","Amphitrite cirrata"
"Amphitrite cirrata","2014","E3","Amphitrite cirrata",91,"Amphitrite cirrata","Amphitrite cirrata","POSE","0314","0076","SR","D","T","Om","sed/pom/mic/dia","De","SR-De","Amphitrite cirrata"
"Amphitrite cirrata","2016","B8","Amphitrite cirrata",67,"Amphitrite cirrata","Amphitrite cirrata","POSE","0314","0076","SR","D","T","Om","sed/pom/mic/dia","De","SR-De","Amphitrite cirrata"
"Apistobranchus tullbergi","1999","E3","Apistobranchus tullbergi",222,"Apistobranchus tullbergi","Apistobranchus tullbergi","POSE","0244","0135","SR","D","T","Om","sed/pom/mic/dia","De","SR-De","Apistobranchus tullbergi"
"Apistobranchus tullbergi","2015","E3","Apistobranchus tullbergi",33,"Apistobranchus tullbergi","Apistobranchus tullbergi","POSE","0244","0135","SR","D","T","Om","sed/pom/mic/dia","De","SR-De","Apistobranchus tullbergi"
"Apistobranchus tullbergi","2015","E4","Apistobranchus tullbergi",33,"Apistobranchus tullbergi","Apistobranchus tullbergi","POSE","0244","0135","SR","D","T","Om","sed/pom/mic/dia","De","SR-De","Apistobranchus tullbergi"
"Apistobranchus tullbergi","2017","B8","Apistobranchus tullbergi",33,"Apistobranchus tullbergi","Apistobranchus tullbergi","POSE","0244","0135","SR","D","T","Om","sed/pom/mic/dia","De","SR-De","Apistobranchus tullbergi"
"Apistobranchus tullbergi","2017","E3","Apistobranchus tullbergi",66,"Apistobranchus tullbergi","Apistobranchus tullbergi","POSE","0244","0135","SR","D","T","Om","sed/pom/mic/dia","De","SR-De","Apistobranchus tullbergi"
"Apistobranchus tullbergi","1999","B5","Apistobranchus tullbergi",178,"Apistobranchus tullbergi","Apistobranchus tullbergi","POSE","0244","0135","SR","D","T","Om","sed/pom/mic/dia","De","SR-De","Apistobranchus tullbergi"
"Apistobranchus tullbergi","1999","E4","Apistobranchus tullbergi",133,"Apistobranchus tullbergi","Apistobranchus tullbergi","POSE","0244","0135","SR","D","T","Om","sed/pom/mic/dia","De","SR-De","Apistobranchus tullbergi"
"Apistobranchus tullbergi","1999","B8","Apistobranchus tullbergi",44,"Apistobranchus tullbergi","Apistobranchus tullbergi","POSE","0244","0135","SR","D","T","Om","sed/pom/mic/dia","De","SR-De","Apistobranchus tullbergi"
"Arachnida","1999","B8","Abra nitida",89,NA,"Arachnida","CHAC","0000","0025","SR","M","F","Ca","mic/mei","Pr","SR-Pr-mei","Arachnida"
"Arachnida","2017","E4","Abra nitida",333,NA,"Arachnida","CHAC","0000","0025","SR","M","F","Ca","mic/mei","Pr","SR-Pr-mei","Arachnida"
"Arachnida","2017","C4","Abra nitida",267,NA,"Arachnida","CHAC","0000","0025","SR","M","F","Ca","mic/mei","Pr","SR-Pr-mei","Arachnida"
"Arachnida","2016","E3","Abra nitida",33,NA,"Arachnida","CHAC","0000","0025","SR","M","F","Ca","mic/mei","Pr","SR-Pr-mei","Arachnida"
"Arachnida","2016","E4","Abra nitida",41,NA,"Arachnida","CHAC","0000","0025","SR","M","F","Ca","mic/mei","Pr","SR-Pr-mei","Arachnida"
"Arachnida","1999","A7","Abra nitida",44,NA,"Arachnida","CHAC","0000","0025","SR","M","F","Ca","mic/mei","Pr","SR-Pr-mei","Arachnida"
"Arachnida","1999","C4","Abra nitida",44,NA,"Arachnida","CHAC","0000","0025","SR","M","F","Ca","mic/mei","Pr","SR-Pr-mei","Arachnida"
"Arachnida","2017","B5","Abra nitida",600,NA,"Arachnida","CHAC","0000","0025","SR","M","F","Ca","mic/mei","Pr","SR-Pr-mei","Arachnida"
"Arachnida","2017","A7","Abra nitida",267,NA,"Arachnida","CHAC","0000","0025","SR","M","F","Ca","mic/mei","Pr","SR-Pr-mei","Arachnida"
"Arachnida","2013","B5","Acarina",67,NA,"Arachnida","CHAC","0000","0025","SR","M","F","Ca","mic/mei","Pr","SR-Pr-mei","Arachnida"
"Arachnida","2016","B8","Abra nitida",333,NA,"Arachnida","CHAC","0000","0025","SR","M","F","Ca","mic/mei","Pr","SR-Pr-mei","Arachnida"
"Arachnida","2013","E3","Acarina",17,NA,"Arachnida","CHAC","0000","0025","SR","M","F","Ca","mic/mei","Pr","SR-Pr-mei","Arachnida"
"Arachnida","1999","B5","Abra nitida",44,NA,"Arachnida","CHAC","0000","0025","SR","M","F","Ca","mic/mei","Pr","SR-Pr-mei","Arachnida"
"Arachnida","2017","B8","Abra nitida",567,NA,"Arachnida","CHAC","0000","0025","SR","M","F","Ca","mic/mei","Pr","SR-Pr-mei","Arachnida"
"Aricidea catherinae","2015","E4","Arctica islandica",33,NA,"Aricidea catherinae","POSE","0276","0170","SR","D","B","Om","sed/pom/mic/dia","De","SR-De","Aricidea catherinae"
"Aricidea catherinae","1999","B5","Arctica islandica",178,NA,"Aricidea catherinae","POSE","0276","0170","SR","D","B","Om","sed/pom/mic/dia","De","SR-De","Aricidea catherinae"
"Aricidea catherinae","2013","C4","Arctica islandica",67,NA,"Aricidea catherinae","POSE","0276","0170","SR","D","B","Om","sed/pom/mic/dia","De","SR-De","Aricidea catherinae"
"Aricidea catherinae","2017","B5","Arctica islandica",33,NA,"Aricidea catherinae","POSE","0276","0170","SR","D","B","Om","sed/pom/mic/dia","De","SR-De","Aricidea catherinae"
"Aricidea catherinae","2016","B5","Arctica islandica",33,NA,"Aricidea catherinae","POSE","0276","0170","SR","D","B","Om","sed/pom/mic/dia","De","SR-De","Aricidea catherinae"
"Aricidea catherinae","2017","E3","Arctica islandica",33,NA,"Aricidea catherinae","POSE","0276","0170","SR","D","B","Om","sed/pom/mic/dia","De","SR-De","Aricidea catherinae"
"Aricidea catherinae","2016","E4","Arctica islandica",67,NA,"Aricidea catherinae","POSE","0276","0170","SR","D","B","Om","sed/pom/mic/dia","De","SR-De","Aricidea catherinae"
"Aricidea catherinae","1999","B8","Arctica islandica",400,NA,"Aricidea catherinae","POSE","0276","0170","SR","D","B","Om","sed/pom/mic/dia","De","SR-De","Aricidea catherinae"
"Aricidea catherinae","2017","E4","Arctica islandica",200,NA,"Aricidea catherinae","POSE","0276","0170","SR","D","B","Om","sed/pom/mic/dia","De","SR-De","Aricidea catherinae"
"Aricidea catherinae","2016","A7","Arctica islandica",100,NA,"Aricidea catherinae","POSE","0276","0170","SR","D","B","Om","sed/pom/mic/dia","De","SR-De","Aricidea catherinae"
"Aricidea catherinae","1999","E3","Arctica islandica",133,NA,"Aricidea catherinae","POSE","0276","0170","SR","D","B","Om","sed/pom/mic/dia","De","SR-De","Aricidea catherinae"
"Aricidea catherinae","2017","A7","Arctica islandica",33,NA,"Aricidea catherinae","POSE","0276","0170","SR","D","B","Om","sed/pom/mic/dia","De","SR-De","Aricidea catherinae"
"Aricidea catherinae","2014","E3","Arctica islandica",8,NA,"Aricidea catherinae","POSE","0276","0170","SR","D","B","Om","sed/pom/mic/dia","De","SR-De","Aricidea catherinae"
"Aricidea catherinae","2016","B8","Arctica islandica",401,NA,"Aricidea catherinae","POSE","0276","0170","SR","D","B","Om","sed/pom/mic/dia","De","SR-De","Aricidea catherinae"
"Aricidea catherinae","2014","C4","Arctica islandica",8,NA,"Aricidea catherinae","POSE","0276","0170","SR","D","B","Om","sed/pom/mic/dia","De","SR-De","Aricidea catherinae"
"Aricidea catherinae","2016","E3","Arctica islandica",33,NA,"Aricidea catherinae","POSE","0276","0170","SR","D","B","Om","sed/pom/mic/dia","De","SR-De","Aricidea catherinae"
"Aricidea catherinae","2017","B8","Arctica islandica",167,NA,"Aricidea catherinae","POSE","0276","0170","SR","D","B","Om","sed/pom/mic/dia","De","SR-De","Aricidea catherinae"
"Aricidea catherinae","2016","C4","Arctica islandica",8,NA,"Aricidea catherinae","POSE","0276","0170","SR","D","B","Om","sed/pom/mic/dia","De","SR-De","Aricidea catherinae"
"Aricidea cerruti pacifica","1999","E4","Aricidea (Acmira) cerrutii",178,NA,"Aricidea cerruti pacifica","POSE","0276","0189","SR","D","B","Om","sed/pom/mic/dia","De","SR-De","Aricidea cerruti pacifica"
"Aricidea neosuecica","2017","E4","Aricidea suecica",99,NA,"Aricidea neosuecica","POSE","0276","0811","SR","D","B","Om","sed/pom/mic/dia","De","SR-De","Aricidea neosuecica"
"Aricidea neosuecica","2013","E3","Aricidea suecica",67,NA,"Aricidea neosuecica","POSE","0276","0811","SR","D","B","Om","sed/pom/mic/dia","De","SR-De","Aricidea neosuecica"
"Aricidea neosuecica","2017","C4","Aricidea suecica",33,NA,"Aricidea neosuecica","POSE","0276","0811","SR","D","B","Om","sed/pom/mic/dia","De","SR-De","Aricidea neosuecica"
"Aricidea neosuecica","2017","B5","Aricidea suecica",167,NA,"Aricidea neosuecica","POSE","0276","0811","SR","D","B","Om","sed/pom/mic/dia","De","SR-De","Aricidea neosuecica"
"Aricidea neosuecica","2016","A7","Aricidea suecica",133,NA,"Aricidea neosuecica","POSE","0276","0811","SR","D","B","Om","sed/pom/mic/dia","De","SR-De","Aricidea neosuecica"
"Aricidea neosuecica","2015","A7","Aricidea suecica",33,NA,"Aricidea neosuecica","POSE","0276","0811","SR","D","B","Om","sed/pom/mic/dia","De","SR-De","Aricidea neosuecica"
"Aricidea neosuecica","2017","E3","Aricidea suecica",33,NA,"Aricidea neosuecica","POSE","0276","0811","SR","D","B","Om","sed/pom/mic/dia","De","SR-De","Aricidea neosuecica"
"Aricidea neosuecica","2013","C4","Aricidea suecica",141,NA,"Aricidea neosuecica","POSE","0276","0811","SR","D","B","Om","sed/pom/mic/dia","De","SR-De","Aricidea neosuecica"
"Aricidea neosuecica","2015","E4","Aricidea suecica",33,NA,"Aricidea neosuecica","POSE","0276","0811","SR","D","B","Om","sed/pom/mic/dia","De","SR-De","Aricidea neosuecica"
"Aricidea neosuecica","2016","B5","Aricidea suecica",100,NA,"Aricidea neosuecica","POSE","0276","0811","SR","D","B","Om","sed/pom/mic/dia","De","SR-De","Aricidea neosuecica"
"Aricidea neosuecica","2017","A7","Aricidea suecica",100,NA,"Aricidea neosuecica","POSE","0276","0811","SR","D","B","Om","sed/pom/mic/dia","De","SR-De","Aricidea neosuecica"
"Aricidea neosuecica","2016","B8","Aricidea suecica",33,NA,"Aricidea neosuecica","POSE","0276","0811","SR","D","B","Om","sed/pom/mic/dia","De","SR-De","Aricidea neosuecica"
"Aricidea neosuecica","2016","C4","Aricidea suecica",133,NA,"Aricidea neosuecica","POSE","0276","0811","SR","D","B","Om","sed/pom/mic/dia","De","SR-De","Aricidea neosuecica"
"Aricidea neosuecica","2016","E4","Aricidea suecica",33,NA,"Aricidea neosuecica","POSE","0276","0811","SR","D","B","Om","sed/pom/mic/dia","De","SR-De","Aricidea neosuecica"
"Aricidea neosuecica","2016","E3","Aricidea suecica",200,NA,"Aricidea neosuecica","POSE","0276","0811","SR","D","B","Om","sed/pom/mic/dia","De","SR-De","Aricidea neosuecica"
"Aricidea neosuecica","2014","E3","Aricidea suecica",66,NA,"Aricidea neosuecica","POSE","0276","0811","SR","D","B","Om","sed/pom/mic/dia","De","SR-De","Aricidea neosuecica"
"Caprella striata","1999","C4","Caprella septentrionalis",89,NA,"Caprella striata","CRAM","0782","0329","SR","M","F","He","dia","Gr","SR-He-mic","Caprella striata"
"Caprella striata","1999","E4","Caprella septentrionalis",711,NA,"Caprella striata","CRAM","0782","0329","SR","M","F","He","dia","Gr","SR-He-mic","Caprella striata"
"Chaetozone setosa","2015","B5","Chaetozone setosa",133,"Chaetozone setosa","Chaetozone setosa","POSE","0252","0500","SR","D","F","Om","sed/pom/mic/dia","De","SR-De","Chaetozone setosa"
"Chaetozone setosa","2017","E4","Chaetozone setosa",66,"Chaetozone setosa","Chaetozone setosa","POSE","0252","0500","SR","D","F","Om","sed/pom/mic/dia","De","SR-De","Chaetozone setosa"
"Chaetozone setosa","2016","A7","Chaetozone setosa",8,"Chaetozone setosa","Chaetozone setosa","POSE","0252","0500","SR","D","F","Om","sed/pom/mic/dia","De","SR-De","Chaetozone setosa"
"Chaetozone setosa","1999","C4","Chaetozone setosa",89,"Chaetozone setosa","Chaetozone setosa","POSE","0252","0500","SR","D","F","Om","sed/pom/mic/dia","De","SR-De","Chaetozone setosa"
"Chaetozone setosa","2013","E3","Chaetozone setosa",1000,"Chaetozone setosa","Chaetozone setosa","POSE","0252","0500","SR","D","F","Om","sed/pom/mic/dia","De","SR-De","Chaetozone setosa"
"Chaetozone setosa","2013","C4","Chaetozone setosa",292,"Chaetozone setosa","Chaetozone setosa","POSE","0252","0500","SR","D","F","Om","sed/pom/mic/dia","De","SR-De","Chaetozone setosa"
"Chaetozone setosa","1999","E4","Chaetozone setosa",222,"Chaetozone setosa","Chaetozone setosa","POSE","0252","0500","SR","D","F","Om","sed/pom/mic/dia","De","SR-De","Chaetozone setosa"
"Chaetozone setosa","2016","E4","Chaetozone setosa",317,"Chaetozone setosa","Chaetozone setosa","POSE","0252","0500","SR","D","F","Om","sed/pom/mic/dia","De","SR-De","Chaetozone setosa"
"Chaetozone setosa","2017","C4","Chaetozone setosa",800,"Chaetozone setosa","Chaetozone setosa","POSE","0252","0500","SR","D","F","Om","sed/pom/mic/dia","De","SR-De","Chaetozone setosa"
"Chaetozone setosa","2015","C4","Chaetozone setosa",442,"Chaetozone setosa","Chaetozone setosa","POSE","0252","0500","SR","D","F","Om","sed/pom/mic/dia","De","SR-De","Chaetozone setosa"
"Chaetozone setosa","2017","A7","Chaetozone setosa",233,"Chaetozone setosa","Chaetozone setosa","POSE","0252","0500","SR","D","F","Om","sed/pom/mic/dia","De","SR-De","Chaetozone setosa"
"Chaetozone setosa","2014","E4","Chaetozone setosa",183,"Chaetozone setosa","Chaetozone setosa","POSE","0252","0500","SR","D","F","Om","sed/pom/mic/dia","De","SR-De","Chaetozone setosa"
"Chaetozone setosa","2016","E3","Chaetozone setosa",308,"Chaetozone setosa","Chaetozone setosa","POSE","0252","0500","SR","D","F","Om","sed/pom/mic/dia","De","SR-De","Chaetozone setosa"
"Chaetozone setosa","1999","B5","Chaetozone setosa",1733,"Chaetozone setosa","Chaetozone setosa","POSE","0252","0500","SR","D","F","Om","sed/pom/mic/dia","De","SR-De","Chaetozone setosa"
"Chaetozone setosa","2017","E3","Chaetozone setosa",199,"Chaetozone setosa","Chaetozone setosa","POSE","0252","0500","SR","D","F","Om","sed/pom/mic/dia","De","SR-De","Chaetozone setosa"
"Chaetozone setosa","2015","E4","Chaetozone setosa",416,"Chaetozone setosa","Chaetozone setosa","POSE","0252","0500","SR","D","F","Om","sed/pom/mic/dia","De","SR-De","Chaetozone setosa"
"Chaetozone setosa","2016","B5","Chaetozone setosa",333,"Chaetozone setosa","Chaetozone setosa","POSE","0252","0500","SR","D","F","Om","sed/pom/mic/dia","De","SR-De","Chaetozone setosa"
"Chaetozone setosa","1999","B8","Chaetozone setosa",311,"Chaetozone setosa","Chaetozone setosa","POSE","0252","0500","SR","D","F","Om","sed/pom/mic/dia","De","SR-De","Chaetozone setosa"
"Chaetozone setosa","2017","B5","Chaetozone setosa",200,"Chaetozone setosa","Chaetozone setosa","POSE","0252","0500","SR","D","F","Om","sed/pom/mic/dia","De","SR-De","Chaetozone setosa"
"Chaetozone setosa","1999","A7","Chaetozone setosa",178,"Chaetozone setosa","Chaetozone setosa","POSE","0252","0500","SR","D","F","Om","sed/pom/mic/dia","De","SR-De","Chaetozone setosa"
"Chaetozone setosa","2014","C4","Chaetozone setosa",58,"Chaetozone setosa","Chaetozone setosa","POSE","0252","0500","SR","D","F","Om","sed/pom/mic/dia","De","SR-De","Chaetozone setosa"
"Chaetozone setosa","2017","B8","Chaetozone setosa",167,"Chaetozone setosa","Chaetozone setosa","POSE","0252","0500","SR","D","F","Om","sed/pom/mic/dia","De","SR-De","Chaetozone setosa"
"Chaetozone setosa","1999","E3","Chaetozone setosa",267,"Chaetozone setosa","Chaetozone setosa","POSE","0252","0500","SR","D","F","Om","sed/pom/mic/dia","De","SR-De","Chaetozone setosa"
"Chaetozone setosa","2014","E3","Chaetozone setosa",1525,"Chaetozone setosa","Chaetozone setosa","POSE","0252","0500","SR","D","F","Om","sed/pom/mic/dia","De","SR-De","Chaetozone setosa"
"Chaetozone setosa","2014","B5","Chaetozone setosa",8,"Chaetozone setosa","Chaetozone setosa","POSE","0252","0500","SR","D","F","Om","sed/pom/mic/dia","De","SR-De","Chaetozone setosa"
"Chaetozone setosa","2015","E3","Chaetozone setosa",393,"Chaetozone setosa","Chaetozone setosa","POSE","0252","0500","SR","D","F","Om","sed/pom/mic/dia","De","SR-De","Chaetozone setosa"
"Chaetozone setosa","2016","C4","Chaetozone setosa",400,"Chaetozone setosa","Chaetozone setosa","POSE","0252","0500","SR","D","F","Om","sed/pom/mic/dia","De","SR-De","Chaetozone setosa"
"Chaetozone setosa","2015","B8","Chaetozone setosa",33,"Chaetozone setosa","Chaetozone setosa","POSE","0252","0500","SR","D","F","Om","sed/pom/mic/dia","De","SR-De","Chaetozone setosa"
"Cirratulus cirratus","2014","E3","Cirratulus cirratus",66,"Cirratulus cirratus","Cirratulus cirratus","POSE","0252","0570","SR","D","F","Om","sed/pom/mic/dia","De","SR-De","Cirratulus cirratus"
"Cirratulus cirratus","2016","E3","Cirratulus cirratus",8,"Cirratulus cirratus","Cirratulus cirratus","POSE","0252","0570","SR","D","F","Om","sed/pom/mic/dia","De","SR-De","Cirratulus cirratus"
"Cirratulus cirratus","2017","E3","Cirratulus cirratus",33,"Cirratulus cirratus","Cirratulus cirratus","POSE","0252","0570","SR","D","F","Om","sed/pom/mic/dia","De","SR-De","Cirratulus cirratus"
"Cirratulus cirratus","2015","B5","Cirratulus cirratus",33,"Cirratulus cirratus","Cirratulus cirratus","POSE","0252","0570","SR","D","F","Om","sed/pom/mic/dia","De","SR-De","Cirratulus cirratus"
"Cirratulus cirratus","2014","C4","Cirratulus cirratus",33,"Cirratulus cirratus","Cirratulus cirratus","POSE","0252","0570","SR","D","F","Om","sed/pom/mic/dia","De","SR-De","Cirratulus cirratus"
"Cirratulus cirratus","2016","B5","Cirratulus cirratus",33,"Cirratulus cirratus","Cirratulus cirratus","POSE","0252","0570","SR","D","F","Om","sed/pom/mic/dia","De","SR-De","Cirratulus cirratus"
"Cirratulus cirratus","1999","E3","Cirratulus cirratus",44,"Cirratulus cirratus","Cirratulus cirratus","POSE","0252","0570","SR","D","F","Om","sed/pom/mic/dia","De","SR-De","Cirratulus cirratus"
"Cirratulus cirratus","2014","B5","Cirratulus cirratus",8,"Cirratulus cirratus","Cirratulus cirratus","POSE","0252","0570","SR","D","F","Om","sed/pom/mic/dia","De","SR-De","Cirratulus cirratus"
"Cirratulus cirratus","2015","C4","Cirratulus cirratus",33,"Cirratulus cirratus","Cirratulus cirratus","POSE","0252","0570","SR","D","F","Om","sed/pom/mic/dia","De","SR-De","Cirratulus cirratus"
"Cirratulus cirratus","2016","E4","Cirratulus cirratus",50,"Cirratulus cirratus","Cirratulus cirratus","POSE","0252","0570","SR","D","F","Om","sed/pom/mic/dia","De","SR-De","Cirratulus cirratus"
"Cirratulus cirratus","2016","C4","Cirratulus cirratus",133,"Cirratulus cirratus","Cirratulus cirratus","POSE","0252","0570","SR","D","F","Om","sed/pom/mic/dia","De","SR-De","Cirratulus cirratus"
"Cirratulus cirratus","2014","E4","Cirratulus cirratus",33,"Cirratulus cirratus","Cirratulus cirratus","POSE","0252","0570","SR","D","F","Om","sed/pom/mic/dia","De","SR-De","Cirratulus cirratus"
"Cirratulus cirratus","2015","E3","Cirratulus cirratus",175,"Cirratulus cirratus","Cirratulus cirratus","POSE","0252","0570","SR","D","F","Om","sed/pom/mic/dia","De","SR-De","Cirratulus cirratus"
"Clavadoce nigrimaculata","2016","E4","Acanthocardia tuberculata",33,NA,"Clavadoce nigrimaculata","POER","0214","0037","SS","M","F","Ca","mac","Pr","SS-Pr-mac","Clavadoce nigrimaculata"
"Clinocardium ciliatum","2014","E3","Ciliatocardium ciliatum ciliatum",17,NA,"Clinocardium ciliatum","MOBI","0354","0112","EP","D","B","Om","pom/phy","Su","EP-Su","Clinocardium ciliatum"
"Corophium crassicorne","1999","E3","Crassicorophium bonellii",356,NA,"Corophium crassicorne","CRAM","0788","0330","SR","D","T","Om","pom/mic/dia/phy/zoo","Su","SR-Su","Corophium crassicorne"
"Corophium crassicorne","2016","E3","Crassicorophium bonellii",167,NA,"Corophium crassicorne","CRAM","0788","0330","SR","D","T","Om","pom/mic/dia/phy/zoo","Su","SR-Su","Corophium crassicorne"
"Corophium crassicorne","2013","E3","Crassicorophium bonellii",8,NA,"Corophium crassicorne","CRAM","0788","0330","SR","D","T","Om","pom/mic/dia/phy/zoo","Su","SR-Su","Corophium crassicorne"
"Corophium crassicorne","2017","E4","Crassicorophium bonellii",834,NA,"Corophium crassicorne","CRAM","0788","0330","SR","D","T","Om","pom/mic/dia/phy/zoo","Su","SR-Su","Corophium crassicorne"
"Corophium crassicorne","2017","E3","Crassicorophium bonellii",266,NA,"Corophium crassicorne","CRAM","0788","0330","SR","D","T","Om","pom/mic/dia/phy/zoo","Su","SR-Su","Corophium crassicorne"
"Corophium crassicorne","1999","E4","Crassicorophium bonellii",89,NA,"Corophium crassicorne","CRAM","0788","0330","SR","D","T","Om","pom/mic/dia/phy/zoo","Su","SR-Su","Corophium crassicorne"
"Corophium crassicorne","2016","E4","Crassicorophium bonellii",67,NA,"Corophium crassicorne","CRAM","0788","0330","SR","D","T","Om","pom/mic/dia/phy/zoo","Su","SR-Su","Corophium crassicorne"
"Corophium crassicorne","2016","A7","Crassicorophium bonellii",66,NA,"Corophium crassicorne","CRAM","0788","0330","SR","D","T","Om","pom/mic/dia/phy/zoo","Su","SR-Su","Corophium crassicorne"
"Corophium crassicorne","2017","A7","Crassicorophium bonellii",66,NA,"Corophium crassicorne","CRAM","0788","0330","SR","D","T","Om","pom/mic/dia/phy/zoo","Su","SR-Su","Corophium crassicorne"
"Corophium crassicorne","2017","B8","Crassicorophium bonellii",33,NA,"Corophium crassicorne","CRAM","0788","0330","SR","D","T","Om","pom/mic/dia/phy/zoo","Su","SR-Su","Corophium crassicorne"
"Cossura longocirrata","2013","E3","Cossura longocirrata",8,"Cossura longocirrata","Cossura longocirrata","POSE","0254","0669","SR","M","F","Om","sed/pom/mic/dia","De","SR-De","Cossura longocirrata"
"Cossura longocirrata","1999","E3","Cossura longocirrata",622,"Cossura longocirrata","Cossura longocirrata","POSE","0254","0669","SR","M","F","Om","sed/pom/mic/dia","De","SR-De","Cossura longocirrata"
"Cossura longocirrata","2016","A7","Cossura longocirrata",199,"Cossura longocirrata","Cossura longocirrata","POSE","0254","0669","SR","M","F","Om","sed/pom/mic/dia","De","SR-De","Cossura longocirrata"
"Cossura longocirrata","2015","E4","Cossura longocirrata",67,"Cossura longocirrata","Cossura longocirrata","POSE","0254","0669","SR","M","F","Om","sed/pom/mic/dia","De","SR-De","Cossura longocirrata"
"Cossura longocirrata","2017","B8","Cossura longocirrata",100,"Cossura longocirrata","Cossura longocirrata","POSE","0254","0669","SR","M","F","Om","sed/pom/mic/dia","De","SR-De","Cossura longocirrata"
"Cossura longocirrata","1999","A7","Cossura longocirrata",44,"Cossura longocirrata","Cossura longocirrata","POSE","0254","0669","SR","M","F","Om","sed/pom/mic/dia","De","SR-De","Cossura longocirrata"
"Cossura longocirrata","2017","A7","Cossura longocirrata",33,"Cossura longocirrata","Cossura longocirrata","POSE","0254","0669","SR","M","F","Om","sed/pom/mic/dia","De","SR-De","Cossura longocirrata"
"Cossura longocirrata","2016","B8","Cossura longocirrata",33,"Cossura longocirrata","Cossura longocirrata","POSE","0254","0669","SR","M","F","Om","sed/pom/mic/dia","De","SR-De","Cossura longocirrata"
"Cossura longocirrata","2016","B5","Cossura longocirrata",167,"Cossura longocirrata","Cossura longocirrata","POSE","0254","0669","SR","M","F","Om","sed/pom/mic/dia","De","SR-De","Cossura longocirrata"
"Cossura longocirrata","2016","E3","Cossura longocirrata",134,"Cossura longocirrata","Cossura longocirrata","POSE","0254","0669","SR","M","F","Om","sed/pom/mic/dia","De","SR-De","Cossura longocirrata"
"Cossura longocirrata","2017","B5","Cossura longocirrata",134,"Cossura longocirrata","Cossura longocirrata","POSE","0254","0669","SR","M","F","Om","sed/pom/mic/dia","De","SR-De","Cossura longocirrata"
"Cossura longocirrata","2017","E3","Cossura longocirrata",33,"Cossura longocirrata","Cossura longocirrata","POSE","0254","0669","SR","M","F","Om","sed/pom/mic/dia","De","SR-De","Cossura longocirrata"
"Cossura longocirrata","1999","B8","Cossura longocirrata",1289,"Cossura longocirrata","Cossura longocirrata","POSE","0254","0669","SR","M","F","Om","sed/pom/mic/dia","De","SR-De","Cossura longocirrata"
"Cossura pygodactylata","2017","B5","Cossura pygodactylata",67,"Cossura pygodactylata","Cossura pygodactylata","POSE","0254","0660","SR","M","F","Om","sed/pom/mic/dia","De","SR-De","Cossura pygodactylata"
"Cossura pygodactylata","2017","E4","Cossura pygodactylata",200,"Cossura pygodactylata","Cossura pygodactylata","POSE","0254","0660","SR","M","F","Om","sed/pom/mic/dia","De","SR-De","Cossura pygodactylata"
"Crenella decussata","1999","B8","Crenella decussata",89,"Crenella decussata","Crenella decussata","MOBI","0404","0180","EP","D","A","Om","pom/phy/zoo","Su","EP-Su","Crenella decussata"
"Crenella decussata","1999","E3","Crenella decussata",44,"Crenella decussata","Crenella decussata","MOBI","0404","0180","EP","D","A","Om","pom/phy/zoo","Su","EP-Su","Crenella decussata"
"Crepidula nummaria","2016","B8","Parvicardium minimum",133,NA,"Crepidula nummaria","MOGA","0508","0024","EP","D","C","Om","pom/phy/zoo","Su","EP-Su","Crepidula nummaria"
"Dodecaceria concharum","2014","E4","Dodecaceria concharum",33,"Dodecaceria concharum","Dodecaceria concharum","POSE","0252","0701","EP","D","T","Om","phy","Su","EP-Su","Dodecaceria concharum"
"Dodecaceria concharum","1999","B5","Dodecaceria concharum",356,"Dodecaceria concharum","Dodecaceria concharum","POSE","0252","0701","EP","D","T","Om","phy","Su","EP-Su","Dodecaceria concharum"
"Dynamena operculata","2015","E3","Nereimyra punctata",33,NA,"Dynamena operculata","CNHY","0112","0047","EP","S","A","Ca","zoo","Su","EP-Pr-zoo","Dynamena operculata"
"Ennucula tenuis","2016","B8","Ennucula tenuis",200,"Ennucula tenuis","Ennucula tenuis","MOBI","0414","0220","SS","M","F","Om","sed/pom/mic","De","SS-De","Ennucula tenuis"
"Ennucula tenuis","2014","B5","Ennucula tenuis",8,"Ennucula tenuis","Ennucula tenuis","MOBI","0414","0220","SS","M","F","Om","sed/pom/mic","De","SS-De","Ennucula tenuis"
"Ennucula tenuis","1999","E4","Ennucula tenuis",44,"Ennucula tenuis","Ennucula tenuis","MOBI","0414","0220","SS","M","F","Om","sed/pom/mic","De","SS-De","Ennucula tenuis"
"Ennucula tenuis","2016","B5","Ennucula tenuis",266,"Ennucula tenuis","Ennucula tenuis","MOBI","0414","0220","SS","M","F","Om","sed/pom/mic","De","SS-De","Ennucula tenuis"
"Ennucula tenuis","2014","C4","Ennucula tenuis",17,"Ennucula tenuis","Ennucula tenuis","MOBI","0414","0220","SS","M","F","Om","sed/pom/mic","De","SS-De","Ennucula tenuis"
"Ennucula tenuis","2017","B5","Ennucula tenuis",33,"Ennucula tenuis","Ennucula tenuis","MOBI","0414","0220","SS","M","F","Om","sed/pom/mic","De","SS-De","Ennucula tenuis"
"Ennucula tenuis","2017","C4","Ennucula tenuis",33,"Ennucula tenuis","Ennucula tenuis","MOBI","0414","0220","SS","M","F","Om","sed/pom/mic","De","SS-De","Ennucula tenuis"
"Ennucula tenuis","2015","E3","Ennucula tenuis",33,"Ennucula tenuis","Ennucula tenuis","MOBI","0414","0220","SS","M","F","Om","sed/pom/mic","De","SS-De","Ennucula tenuis"
"Ennucula tenuis","1999","E3","Ennucula tenuis",222,"Ennucula tenuis","Ennucula tenuis","MOBI","0414","0220","SS","M","F","Om","sed/pom/mic","De","SS-De","Ennucula tenuis"
"Ennucula tenuis","1999","B8","Ennucula tenuis",1111,"Ennucula tenuis","Ennucula tenuis","MOBI","0414","0220","SS","M","F","Om","sed/pom/mic","De","SS-De","Ennucula tenuis"
"Ennucula tenuis","1999","A7","Ennucula tenuis",311,"Ennucula tenuis","Ennucula tenuis","MOBI","0414","0220","SS","M","F","Om","sed/pom/mic","De","SS-De","Ennucula tenuis"
"Ennucula tenuis","1999","C4","Ennucula tenuis",444,"Ennucula tenuis","Ennucula tenuis","MOBI","0414","0220","SS","M","F","Om","sed/pom/mic","De","SS-De","Ennucula tenuis"
"Ennucula tenuis","2015","B5","Ennucula tenuis",100,"Ennucula tenuis","Ennucula tenuis","MOBI","0414","0220","SS","M","F","Om","sed/pom/mic","De","SS-De","Ennucula tenuis"
"Ennucula tenuis","1999","B5","Ennucula tenuis",1422,"Ennucula tenuis","Ennucula tenuis","MOBI","0414","0220","SS","M","F","Om","sed/pom/mic","De","SS-De","Ennucula tenuis"
"Ennucula tenuis","2017","E3","Ennucula tenuis",33,"Ennucula tenuis","Ennucula tenuis","MOBI","0414","0220","SS","M","F","Om","sed/pom/mic","De","SS-De","Ennucula tenuis"
"Eteone longa complex","2017","A7","Eteone longa",67,NA,"Eteone longa complex","POER","0214","0300","SR","M","F","Ca","mac","Pr/De","SR-Pr-mac","Eteone longa complex"
"Eteone longa complex","2013","E3","Eteone longa",109,NA,"Eteone longa complex","POER","0214","0300","SR","M","F","Ca","mac","Pr/De","SR-Pr-mac","Eteone longa complex"
"Eteone longa complex","2015","B8","Eteone longa",50,NA,"Eteone longa complex","POER","0214","0300","SR","M","F","Ca","mac","Pr/De","SR-Pr-mac","Eteone longa complex"
"Eteone longa complex","2013","B8","Eteone longa",67,NA,"Eteone longa complex","POER","0214","0300","SR","M","F","Ca","mac","Pr/De","SR-Pr-mac","Eteone longa complex"
"Eteone longa complex","1999","E4","Eteone longa",44,NA,"Eteone longa complex","POER","0214","0300","SR","M","F","Ca","mac","Pr/De","SR-Pr-mac","Eteone longa complex"
"Eteone longa complex","2015","E3","Eteone longa",150,NA,"Eteone longa complex","POER","0214","0300","SR","M","F","Ca","mac","Pr/De","SR-Pr-mac","Eteone longa complex"
"Eteone longa complex","2014","B8","Eteone longa",233,NA,"Eteone longa complex","POER","0214","0300","SR","M","F","Ca","mac","Pr/De","SR-Pr-mac","Eteone longa complex"
"Eteone longa complex","2017","E3","Eteone longa",74,NA,"Eteone longa complex","POER","0214","0300","SR","M","F","Ca","mac","Pr/De","SR-Pr-mac","Eteone longa complex"
"Eteone longa complex","2014","E4","Eteone longa",367,NA,"Eteone longa complex","POER","0214","0300","SR","M","F","Ca","mac","Pr/De","SR-Pr-mac","Eteone longa complex"
"Eteone longa complex","2014","A7","Eteone longa",1099,NA,"Eteone longa complex","POER","0214","0300","SR","M","F","Ca","mac","Pr/De","SR-Pr-mac","Eteone longa complex"
"Eteone longa complex","2015","B5","Eteone longa",82,NA,"Eteone longa complex","POER","0214","0300","SR","M","F","Ca","mac","Pr/De","SR-Pr-mac","Eteone longa complex"
"Eteone longa complex","1999","E3","Eteone longa",133,NA,"Eteone longa complex","POER","0214","0300","SR","M","F","Ca","mac","Pr/De","SR-Pr-mac","Eteone longa complex"
"Eteone longa complex","2014","E3","Eteone longa",300,NA,"Eteone longa complex","POER","0214","0300","SR","M","F","Ca","mac","Pr/De","SR-Pr-mac","Eteone longa complex"
"Eteone longa complex","2016","B8","Eteone longa",67,NA,"Eteone longa complex","POER","0214","0300","SR","M","F","Ca","mac","Pr/De","SR-Pr-mac","Eteone longa complex"
"Eteone longa complex","2016","C4","Eteone longa",166,NA,"Eteone longa complex","POER","0214","0300","SR","M","F","Ca","mac","Pr/De","SR-Pr-mac","Eteone longa complex"
"Eteone longa complex","1999","B8","Eteone longa",89,NA,"Eteone longa complex","POER","0214","0300","SR","M","F","Ca","mac","Pr/De","SR-Pr-mac","Eteone longa complex"
"Eteone longa complex","2014","B5","Eteone longa",566,NA,"Eteone longa complex","POER","0214","0300","SR","M","F","Ca","mac","Pr/De","SR-Pr-mac","Eteone longa complex"
"Eteone longa complex","1999","A7","Eteone longa",44,NA,"Eteone longa complex","POER","0214","0300","SR","M","F","Ca","mac","Pr/De","SR-Pr-mac","Eteone longa complex"
"Eteone longa complex","2015","A7","Eteone longa",50,NA,"Eteone longa complex","POER","0214","0300","SR","M","F","Ca","mac","Pr/De","SR-Pr-mac","Eteone longa complex"
"Eteone longa complex","2016","A7","Eteone longa",8,NA,"Eteone longa complex","POER","0214","0300","SR","M","F","Ca","mac","Pr/De","SR-Pr-mac","Eteone longa complex"
"Eteone longa complex","2013","C4","Eteone longa",143,NA,"Eteone longa complex","POER","0214","0300","SR","M","F","Ca","mac","Pr/De","SR-Pr-mac","Eteone longa complex"
"Eteone longa complex","2015","E4","Eteone longa",166,NA,"Eteone longa complex","POER","0214","0300","SR","M","F","Ca","mac","Pr/De","SR-Pr-mac","Eteone longa complex"
"Eteone longa complex","2017","B5","Eteone longa",100,NA,"Eteone longa complex","POER","0214","0300","SR","M","F","Ca","mac","Pr/De","SR-Pr-mac","Eteone longa complex"
"Eteone longa complex","2017","E4","Eteone longa",275,NA,"Eteone longa complex","POER","0214","0300","SR","M","F","Ca","mac","Pr/De","SR-Pr-mac","Eteone longa complex"
"Eteone longa complex","2017","C4","Eteone longa",200,NA,"Eteone longa complex","POER","0214","0300","SR","M","F","Ca","mac","Pr/De","SR-Pr-mac","Eteone longa complex"
"Eteone longa complex","2015","C4","Eteone longa",417,NA,"Eteone longa complex","POER","0214","0300","SR","M","F","Ca","mac","Pr/De","SR-Pr-mac","Eteone longa complex"
"Eteone longa complex","2016","E4","Eteone longa",458,NA,"Eteone longa complex","POER","0214","0300","SR","M","F","Ca","mac","Pr/De","SR-Pr-mac","Eteone longa complex"
"Eteone longa complex","2014","C4","Eteone longa",849,NA,"Eteone longa complex","POER","0214","0300","SR","M","F","Ca","mac","Pr/De","SR-Pr-mac","Eteone longa complex"
"Eteone longa complex","2016","E3","Eteone longa",41,NA,"Eteone longa complex","POER","0214","0300","SR","M","F","Ca","mac","Pr/De","SR-Pr-mac","Eteone longa complex"
"Eunoe senta","2013","E3","Eunoe nodosa",50,NA,"Eunoe senta","POER","0220","0405","SR","M","F","Ca","mac","Pr","SR-Pr-mac","Eunoe senta"
"Eunoe senta","2013","C4","Eunoe nodosa",83,NA,"Eunoe senta","POER","0220","0405","SR","M","F","Ca","mac","Pr","SR-Pr-mac","Eunoe senta"
"Eunoe senta","2016","E4","Eunoe nodosa",100,NA,"Eunoe senta","POER","0220","0405","SR","M","F","Ca","mac","Pr","SR-Pr-mac","Eunoe senta"
"Flabelligera affinis","2017","E3","Flabelligera affinis",33,"Flabelligera affinis","Flabelligera affinis","POSE","0260","0736","SR","D","F","Om","sed/pom/mic/dia","De","SR-De","Flabelligera affinis"
"Flabelligera affinis","2015","E3","Flabelligera affinis",8,"Flabelligera affinis","Flabelligera affinis","POSE","0260","0736","SR","D","F","Om","sed/pom/mic/dia","De","SR-De","Flabelligera affinis"
"Galathowenia oculata","2015","E4","Galathowenia oculata",8,"Galathowenia oculata","Galathowenia oculata","POSE","0274","0720","SR","D","T","Om","sed/pom/mic/dia","De","SR-De","Galathowenia oculata"
"Galathowenia oculata","2017","E4","Galathowenia oculata",33,"Galathowenia oculata","Galathowenia oculata","POSE","0274","0720","SR","D","T","Om","sed/pom/mic/dia","De","SR-De","Galathowenia oculata"
"Galathowenia oculata","2015","C4","Galathowenia oculata",8,"Galathowenia oculata","Galathowenia oculata","POSE","0274","0720","SR","D","T","Om","sed/pom/mic/dia","De","SR-De","Galathowenia oculata"
"Gattyana cirrosa","2016","E3","Gattyana cirrhosa",33,NA,"Gattyana cirrosa","POER","0220","0478","SR","M","F","Ca","mac","Pr","SR-Pr-mac","Gattyana cirrosa"
"Glycera pacifica","2015","E3","Glycera capitata",8,NA,"Glycera pacifica","POER","0180","0490","SS","M","F","Ca","mac","Pr","SS-Pr-mac","Glycera pacifica"
"Harmothoe extenuata","2015","E3","Harmothoe extenuata",408,"Harmothoe extenuata","Harmothoe extenuata","POER","0220","0560","SR","M","F","Ca","mac","Pr","SR-Pr-mac","Harmothoe extenuata"
"Harmothoe extenuata","2014","B5","Harmothoe extenuata",42,"Harmothoe extenuata","Harmothoe extenuata","POER","0220","0560","SR","M","F","Ca","mac","Pr","SR-Pr-mac","Harmothoe extenuata"
"Harmothoe extenuata","2015","C4","Harmothoe extenuata",33,"Harmothoe extenuata","Harmothoe extenuata","POER","0220","0560","SR","M","F","Ca","mac","Pr","SR-Pr-mac","Harmothoe extenuata"
"Harmothoe extenuata","2017","C4","Harmothoe extenuata",33,"Harmothoe extenuata","Harmothoe extenuata","POER","0220","0560","SR","M","F","Ca","mac","Pr","SR-Pr-mac","Harmothoe extenuata"
"Harmothoe extenuata","2014","E3","Harmothoe extenuata",975,"Harmothoe extenuata","Harmothoe extenuata","POER","0220","0560","SR","M","F","Ca","mac","Pr","SR-Pr-mac","Harmothoe extenuata"
"Harmothoe extenuata","2014","C4","Harmothoe extenuata",117,"Harmothoe extenuata","Harmothoe extenuata","POER","0220","0560","SR","M","F","Ca","mac","Pr","SR-Pr-mac","Harmothoe extenuata"
"Harmothoe extenuata","2013","E3","Harmothoe extenuata",208,"Harmothoe extenuata","Harmothoe extenuata","POER","0220","0560","SR","M","F","Ca","mac","Pr","SR-Pr-mac","Harmothoe extenuata"
"Harmothoe extenuata","2017","E4","Harmothoe extenuata",133,"Harmothoe extenuata","Harmothoe extenuata","POER","0220","0560","SR","M","F","Ca","mac","Pr","SR-Pr-mac","Harmothoe extenuata"
"Harmothoe extenuata","2014","E4","Harmothoe extenuata",92,"Harmothoe extenuata","Harmothoe extenuata","POER","0220","0560","SR","M","F","Ca","mac","Pr","SR-Pr-mac","Harmothoe extenuata"
"Harmothoe extenuata","2017","E3","Harmothoe extenuata",218,"Harmothoe extenuata","Harmothoe extenuata","POER","0220","0560","SR","M","F","Ca","mac","Pr","SR-Pr-mac","Harmothoe extenuata"
"Harmothoe extenuata","2015","E4","Harmothoe extenuata",74,"Harmothoe extenuata","Harmothoe extenuata","POER","0220","0560","SR","M","F","Ca","mac","Pr","SR-Pr-mac","Harmothoe extenuata"
"Harmothoe extenuata","2017","A7","Harmothoe extenuata",66,"Harmothoe extenuata","Harmothoe extenuata","POER","0220","0560","SR","M","F","Ca","mac","Pr","SR-Pr-mac","Harmothoe extenuata"
"Harmothoe extenuata","2013","C4","Harmothoe extenuata",201,"Harmothoe extenuata","Harmothoe extenuata","POER","0220","0560","SR","M","F","Ca","mac","Pr","SR-Pr-mac","Harmothoe extenuata"
"Harmothoe imbricata","2016","E4","Harmothoe imbricata",41,"Harmothoe imbricata","Harmothoe imbricata","POER","0220","0585","SR","M","F","Ca","mac","Pr","SR-Pr-mac","Harmothoe imbricata"
"Harmothoe imbricata","2013","C4","Harmothoe imbricata",8,"Harmothoe imbricata","Harmothoe imbricata","POER","0220","0585","SR","M","F","Ca","mac","Pr","SR-Pr-mac","Harmothoe imbricata"
"Henricia sanguinolenta","2016","C4","Cistenides granulata",67,NA,"Henricia sanguinolenta","ECAS","1034","0009","SR","M","F","Ca","mac","Pr","SR-Pr-mac","Henricia sanguinolenta"
"Heteromastus filiformis","2017","E3","Mediomastus filiformis",33,NA,"Heteromastus filiformis","POSE","0248","0740","SS","D","F","Om","sed/pom/mic","De","SS-De","Heteromastus filiformis"
"Heteromastus filiformis","2016","C4","Heteromastus filiformis",134,"Heteromastus filiformis","Heteromastus filiformis","POSE","0248","0740","SS","D","F","Om","sed/pom/mic","De","SS-De","Heteromastus filiformis"
"Heteromastus filiformis","2016","E4","Heteromastus filiformis",366,"Heteromastus filiformis","Heteromastus filiformis","POSE","0248","0740","SS","D","F","Om","sed/pom/mic","De","SS-De","Heteromastus filiformis"
"Heteromastus filiformis","1999","E4","Heteromastus filiformis",44,"Heteromastus filiformis","Heteromastus filiformis","POSE","0248","0740","SS","D","F","Om","sed/pom/mic","De","SS-De","Heteromastus filiformis"
"Heteromastus filiformis","2017","E3","Heteromastus filiformis",33,"Heteromastus filiformis","Heteromastus filiformis","POSE","0248","0740","SS","D","F","Om","sed/pom/mic","De","SS-De","Heteromastus filiformis"
"Heteromastus filiformis","1999","E3","Mediomastus filiformis",444,NA,"Heteromastus filiformis","POSE","0248","0740","SS","D","F","Om","sed/pom/mic","De","SS-De","Heteromastus filiformis"
"Heteromastus filiformis","2016","E3","Heteromastus filiformis",267,"Heteromastus filiformis","Heteromastus filiformis","POSE","0248","0740","SS","D","F","Om","sed/pom/mic","De","SS-De","Heteromastus filiformis"
"Heteromastus filiformis","2016","B8","Heteromastus filiformis",641,"Heteromastus filiformis","Heteromastus filiformis","POSE","0248","0740","SS","D","F","Om","sed/pom/mic","De","SS-De","Heteromastus filiformis"
"Heteromastus filiformis","2016","A7","Heteromastus filiformis",925,"Heteromastus filiformis","Heteromastus filiformis","POSE","0248","0740","SS","D","F","Om","sed/pom/mic","De","SS-De","Heteromastus filiformis"
"Heteromastus filiformis","1999","E3","Heteromastus filiformis",444,"Heteromastus filiformis","Heteromastus filiformis","POSE","0248","0740","SS","D","F","Om","sed/pom/mic","De","SS-De","Heteromastus filiformis"
"Heteromastus filiformis","2016","B5","Heteromastus filiformis",367,"Heteromastus filiformis","Heteromastus filiformis","POSE","0248","0740","SS","D","F","Om","sed/pom/mic","De","SS-De","Heteromastus filiformis"
"Hiatella arctica","2016","E3","Hiatella arctica",33,"Hiatella arctica","Hiatella arctica","MOBI","0378","0260","EP","D","F","Om","pom/phy/zoo","Su","EP-Su","Hiatella arctica"
"Hiatella arctica","2015","E3","Hiatella arctica",150,"Hiatella arctica","Hiatella arctica","MOBI","0378","0260","EP","D","F","Om","pom/phy/zoo","Su","EP-Su","Hiatella arctica"
"Hiatella arctica","2017","E4","Hiatella arctica",133,"Hiatella arctica","Hiatella arctica","MOBI","0378","0260","EP","D","F","Om","pom/phy/zoo","Su","EP-Su","Hiatella arctica"
"Hiatella arctica","2016","E4","Hiatella arctica",33,"Hiatella arctica","Hiatella arctica","MOBI","0378","0260","EP","D","F","Om","pom/phy/zoo","Su","EP-Su","Hiatella arctica"
"Hiatella arctica","2014","E3","Hiatella arctica",142,"Hiatella arctica","Hiatella arctica","MOBI","0378","0260","EP","D","F","Om","pom/phy/zoo","Su","EP-Su","Hiatella arctica"
"Hiatella arctica","2017","E3","Hiatella arctica",41,"Hiatella arctica","Hiatella arctica","MOBI","0378","0260","EP","D","F","Om","pom/phy/zoo","Su","EP-Su","Hiatella arctica"
"Kurtziella crebricostata","2016","C4","Kurtiella bidentata",100,NA,"Kurtziella crebricostata","MOGA","0518","0301","SR","M","F","Ca","mac","Pr","SR-Pr-mac","Kurtziella crebricostata"
"Lanassa venusta","1999","E3","Lanassa venusta",267,"Lanassa venusta","Lanassa venusta","POSE","0314","0778","SR","D","T","Om","sed/pom/mic/dia","De","SR-De","Lanassa venusta"
"Lanassa venusta","2015","B5","Lanassa venusta",167,"Lanassa venusta","Lanassa venusta","POSE","0314","0778","SR","D","T","Om","sed/pom/mic/dia","De","SR-De","Lanassa venusta"
"Lanassa venusta","2014","E3","Lanassa venusta",100,"Lanassa venusta","Lanassa venusta","POSE","0314","0778","SR","D","T","Om","sed/pom/mic/dia","De","SR-De","Lanassa venusta"
"Lanassa venusta","2017","E4","Lanassa venusta",33,"Lanassa venusta","Lanassa venusta","POSE","0314","0778","SR","D","T","Om","sed/pom/mic/dia","De","SR-De","Lanassa venusta"
"Lanassa venusta","2017","B5","Lanassa venusta",67,"Lanassa venusta","Lanassa venusta","POSE","0314","0778","SR","D","T","Om","sed/pom/mic/dia","De","SR-De","Lanassa venusta"
"Lanassa venusta","1999","B5","Lanassa venusta",178,"Lanassa venusta","Lanassa venusta","POSE","0314","0778","SR","D","T","Om","sed/pom/mic/dia","De","SR-De","Lanassa venusta"
"Lanassa venusta","2014","B5","Lanassa venusta",8,"Lanassa venusta","Lanassa venusta","POSE","0314","0778","SR","D","T","Om","sed/pom/mic/dia","De","SR-De","Lanassa venusta"
"Lanassa venusta","2017","E3","Lanassa venusta",166,"Lanassa venusta","Lanassa venusta","POSE","0314","0778","SR","D","T","Om","sed/pom/mic/dia","De","SR-De","Lanassa venusta"
"Lanassa venusta","2016","B8","Lanassa venusta",33,"Lanassa venusta","Lanassa venusta","POSE","0314","0778","SR","D","T","Om","sed/pom/mic/dia","De","SR-De","Lanassa venusta"
"Lanassa venusta","1999","C4","Lanassa venusta",44,"Lanassa venusta","Lanassa venusta","POSE","0314","0778","SR","D","T","Om","sed/pom/mic/dia","De","SR-De","Lanassa venusta"
"Lanassa venusta","1999","B8","Lanassa venusta",89,"Lanassa venusta","Lanassa venusta","POSE","0314","0778","SR","D","T","Om","sed/pom/mic/dia","De","SR-De","Lanassa venusta"
"Lanassa venusta","1999","A7","Lanassa venusta",133,"Lanassa venusta","Lanassa venusta","POSE","0314","0778","SR","D","T","Om","sed/pom/mic/dia","De","SR-De","Lanassa venusta"
"Lanassa venusta","2015","E3","Lanassa venusta",17,"Lanassa venusta","Lanassa venusta","POSE","0314","0778","SR","D","T","Om","sed/pom/mic/dia","De","SR-De","Lanassa venusta"
"Laphania boecki","1999","E4","Laphania boecki",44,"Laphania boecki","Laphania boecki","POSE","0314","0814","SR","D","T","Om","sed/pom/mic/dia","De","SR-De","Laphania boecki"
"Laphania boecki","1999","E3","Laphania boecki",44,"Laphania boecki","Laphania boecki","POSE","0314","0814","SR","D","T","Om","sed/pom/mic/dia","De","SR-De","Laphania boecki"
"Levinsenia gracilis","1999","E3","Levinsenia gracilis",2489,"Levinsenia gracilis","Levinsenia gracilis","POSE","0276","0850","SR","D","B","Om","sed/pom/mic/dia","De","SR-De","Levinsenia gracilis"
"Levinsenia gracilis","1999","E4","Levinsenia gracilis",89,"Levinsenia gracilis","Levinsenia gracilis","POSE","0276","0850","SR","D","B","Om","sed/pom/mic/dia","De","SR-De","Levinsenia gracilis"
"Levinsenia gracilis","2016","B5","Levinsenia gracilis",33,"Levinsenia gracilis","Levinsenia gracilis","POSE","0276","0850","SR","D","B","Om","sed/pom/mic/dia","De","SR-De","Levinsenia gracilis"
"Levinsenia gracilis","2016","E4","Levinsenia gracilis",33,"Levinsenia gracilis","Levinsenia gracilis","POSE","0276","0850","SR","D","B","Om","sed/pom/mic/dia","De","SR-De","Levinsenia gracilis"
"Levinsenia gracilis","2013","E3","Levinsenia gracilis",8,"Levinsenia gracilis","Levinsenia gracilis","POSE","0276","0850","SR","D","B","Om","sed/pom/mic/dia","De","SR-De","Levinsenia gracilis"
"Macoma calcarea","2014","B5","Macoma calcarea",8,"Macoma calcarea","Macoma calcarea","MOBI","0456","0520","SR","D","F","Om","sed/pom/mic","De/Su","SR-De","Macoma calcarea"
"Macoma calcarea","1999","E4","Macoma calcarea",311,"Macoma calcarea","Macoma calcarea","MOBI","0456","0520","SR","D","F","Om","sed/pom/mic","De/Su","SR-De","Macoma calcarea"
"Macoma calcarea","2015","C4","Macoma calcarea",1217,"Macoma calcarea","Macoma calcarea","MOBI","0456","0520","SR","D","F","Om","sed/pom/mic","De/Su","SR-De","Macoma calcarea"
"Macoma calcarea","2015","E3","Macoma calcarea",733,"Macoma calcarea","Macoma calcarea","MOBI","0456","0520","SR","D","F","Om","sed/pom/mic","De/Su","SR-De","Macoma calcarea"
"Macoma calcarea","1999","B8","Macoma calcarea",133,"Macoma calcarea","Macoma calcarea","MOBI","0456","0520","SR","D","F","Om","sed/pom/mic","De/Su","SR-De","Macoma calcarea"
"Macoma calcarea","1999","E3","Macoma calcarea",1067,"Macoma calcarea","Macoma calcarea","MOBI","0456","0520","SR","D","F","Om","sed/pom/mic","De/Su","SR-De","Macoma calcarea"
"Macoma calcarea","1999","B5","Macoma calcarea",444,"Macoma calcarea","Macoma calcarea","MOBI","0456","0520","SR","D","F","Om","sed/pom/mic","De/Su","SR-De","Macoma calcarea"
"Macoma calcarea","2017","B8","Macoma calcarea",1034,"Macoma calcarea","Macoma calcarea","MOBI","0456","0520","SR","D","F","Om","sed/pom/mic","De/Su","SR-De","Macoma calcarea"
"Macoma calcarea","2016","A7","Macoma calcarea",341,"Macoma calcarea","Macoma calcarea","MOBI","0456","0520","SR","D","F","Om","sed/pom/mic","De/Su","SR-De","Macoma calcarea"
"Macoma calcarea","2016","E3","Macoma calcarea",533,"Macoma calcarea","Macoma calcarea","MOBI","0456","0520","SR","D","F","Om","sed/pom/mic","De/Su","SR-De","Macoma calcarea"
"Macoma calcarea","2017","A7","Macoma calcarea",191,"Macoma calcarea","Macoma calcarea","MOBI","0456","0520","SR","D","F","Om","sed/pom/mic","De/Su","SR-De","Macoma calcarea"
"Macoma calcarea","2014","E3","Macoma calcarea",200,"Macoma calcarea","Macoma calcarea","MOBI","0456","0520","SR","D","F","Om","sed/pom/mic","De/Su","SR-De","Macoma calcarea"
"Macoma calcarea","2017","B5","Macoma calcarea",1009,"Macoma calcarea","Macoma calcarea","MOBI","0456","0520","SR","D","F","Om","sed/pom/mic","De/Su","SR-De","Macoma calcarea"
"Macoma calcarea","2015","B8","Macoma calcarea",501,"Macoma calcarea","Macoma calcarea","MOBI","0456","0520","SR","D","F","Om","sed/pom/mic","De/Su","SR-De","Macoma calcarea"
"Macoma calcarea","2016","B5","Macoma calcarea",584,"Macoma calcarea","Macoma calcarea","MOBI","0456","0520","SR","D","F","Om","sed/pom/mic","De/Su","SR-De","Macoma calcarea"
"Macoma calcarea","2017","E3","Macoma calcarea",275,"Macoma calcarea","Macoma calcarea","MOBI","0456","0520","SR","D","F","Om","sed/pom/mic","De/Su","SR-De","Macoma calcarea"
"Macoma calcarea","2016","C4","Macoma calcarea",1367,"Macoma calcarea","Macoma calcarea","MOBI","0456","0520","SR","D","F","Om","sed/pom/mic","De/Su","SR-De","Macoma calcarea"
"Macoma calcarea","2016","B8","Macoma calcarea",1133,"Macoma calcarea","Macoma calcarea","MOBI","0456","0520","SR","D","F","Om","sed/pom/mic","De/Su","SR-De","Macoma calcarea"
"Macoma calcarea","2017","C4","Macoma calcarea",1117,"Macoma calcarea","Macoma calcarea","MOBI","0456","0520","SR","D","F","Om","sed/pom/mic","De/Su","SR-De","Macoma calcarea"
"Macoma calcarea","2015","B5","Macoma calcarea",1100,"Macoma calcarea","Macoma calcarea","MOBI","0456","0520","SR","D","F","Om","sed/pom/mic","De/Su","SR-De","Macoma calcarea"
"Macoma calcarea","2017","E4","Macoma calcarea",592,"Macoma calcarea","Macoma calcarea","MOBI","0456","0520","SR","D","F","Om","sed/pom/mic","De/Su","SR-De","Macoma calcarea"
"Macoma calcarea","2014","C4","Macoma calcarea",217,"Macoma calcarea","Macoma calcarea","MOBI","0456","0520","SR","D","F","Om","sed/pom/mic","De/Su","SR-De","Macoma calcarea"
"Macoma calcarea","1999","C4","Macoma calcarea",311,"Macoma calcarea","Macoma calcarea","MOBI","0456","0520","SR","D","F","Om","sed/pom/mic","De/Su","SR-De","Macoma calcarea"
"Macoma calcarea","2015","E4","Macoma calcarea",541,"Macoma calcarea","Macoma calcarea","MOBI","0456","0520","SR","D","F","Om","sed/pom/mic","De/Su","SR-De","Macoma calcarea"
"Macoma calcarea","2016","E4","Macoma calcarea",651,"Macoma calcarea","Macoma calcarea","MOBI","0456","0520","SR","D","F","Om","sed/pom/mic","De/Su","SR-De","Macoma calcarea"
"Macoma calcarea","2015","A7","Macoma calcarea",367,"Macoma calcarea","Macoma calcarea","MOBI","0456","0520","SR","D","F","Om","sed/pom/mic","De/Su","SR-De","Macoma calcarea"
"Malacoceros fuliginosus","2014","A7","Malacoceros fuliginosus",33,"Malacoceros fuliginosus","Malacoceros fuliginosus","POSE","0310","0870","SR","D","T","Om","sed/pom/mic/dia/phy","De/Su","SR-De","Malacoceros fuliginosus"
"Malacoceros fuliginosus","2014","E4","Malacoceros fuliginosus",117,"Malacoceros fuliginosus","Malacoceros fuliginosus","POSE","0310","0870","SR","D","T","Om","sed/pom/mic/dia/phy","De/Su","SR-De","Malacoceros fuliginosus"
"Malacoceros fuliginosus","2014","B5","Malacoceros fuliginosus",484,"Malacoceros fuliginosus","Malacoceros fuliginosus","POSE","0310","0870","SR","D","T","Om","sed/pom/mic/dia/phy","De/Su","SR-De","Malacoceros fuliginosus"
"Maldane sarsi","1999","E3","Maldane sarsi",44,"Maldane sarsi","Maldane sarsi","POSE","0266","0920","SS","D","T","Om","sed/pom/mic","De","SS-De","Maldane sarsi"
"Margarites helicinus","2017","E3","Margarites groenlandicus",33,NA,"Margarites helicinus","MOGA","0626","0341","SR","M","F","He","alg","Gr","SR-He-mac","Margarites helicinus"
"Monticellina serratiseta","1999","E3","Schistomeringos nigridentata",178,NA,"Monticellina serratiseta","POSE","0252","0995","SR","D","F","Om","sed/pom/mic/dia","De","SR-De","Monticellina serratiseta"
"Monticellina serratiseta","1999","A7","Schistomeringos nigridentata",89,NA,"Monticellina serratiseta","POSE","0252","0995","SR","D","F","Om","sed/pom/mic/dia","De","SR-De","Monticellina serratiseta"
"Monticellina serratiseta","1999","B5","Schistomeringos nigridentata",711,NA,"Monticellina serratiseta","POSE","0252","0995","SR","D","F","Om","sed/pom/mic/dia","De","SR-De","Monticellina serratiseta"
"Mya arenaria","2017","B8","Mya arenaria",166,"Mya arenaria","Mya arenaria","MOBI","0402","0635","EP","D","F","Om","pom/phy/zoo","Su","EP-Su","Mya arenaria"
"Mya arenaria","2014","E4","Mya arenaria",25,"Mya arenaria","Mya arenaria","MOBI","0402","0635","EP","D","F","Om","pom/phy/zoo","Su","EP-Su","Mya arenaria"
"Mya arenaria","2017","E3","Mya arenaria",67,"Mya arenaria","Mya arenaria","MOBI","0402","0635","EP","D","F","Om","pom/phy/zoo","Su","EP-Su","Mya arenaria"
"Mya arenaria","2015","C4","Mya arenaria",133,"Mya arenaria","Mya arenaria","MOBI","0402","0635","EP","D","F","Om","pom/phy/zoo","Su","EP-Su","Mya arenaria"
"Mya arenaria","2016","B8","Mya arenaria",667,"Mya arenaria","Mya arenaria","MOBI","0402","0635","EP","D","F","Om","pom/phy/zoo","Su","EP-Su","Mya arenaria"
"Mya arenaria","2017","E4","Mya arenaria",475,"Mya arenaria","Mya arenaria","MOBI","0402","0635","EP","D","F","Om","pom/phy/zoo","Su","EP-Su","Mya arenaria"
"Mya arenaria","2015","E4","Mya arenaria",100,"Mya arenaria","Mya arenaria","MOBI","0402","0635","EP","D","F","Om","pom/phy/zoo","Su","EP-Su","Mya arenaria"
"Mya arenaria","2016","B5","Mya arenaria",33,"Mya arenaria","Mya arenaria","MOBI","0402","0635","EP","D","F","Om","pom/phy/zoo","Su","EP-Su","Mya arenaria"
"Mya arenaria","2016","A7","Mya arenaria",291,"Mya arenaria","Mya arenaria","MOBI","0402","0635","EP","D","F","Om","pom/phy/zoo","Su","EP-Su","Mya arenaria"
"Mya arenaria","2015","B8","Mya arenaria",133,"Mya arenaria","Mya arenaria","MOBI","0402","0635","EP","D","F","Om","pom/phy/zoo","Su","EP-Su","Mya arenaria"
"Mya arenaria","2014","E3","Mya arenaria",408,"Mya arenaria","Mya arenaria","MOBI","0402","0635","EP","D","F","Om","pom/phy/zoo","Su","EP-Su","Mya arenaria"
"Mya arenaria","2017","C4","Mya arenaria",33,"Mya arenaria","Mya arenaria","MOBI","0402","0635","EP","D","F","Om","pom/phy/zoo","Su","EP-Su","Mya arenaria"
"Mya arenaria","2015","E3","Mya arenaria",133,"Mya arenaria","Mya arenaria","MOBI","0402","0635","EP","D","F","Om","pom/phy/zoo","Su","EP-Su","Mya arenaria"
"Mya arenaria","2015","A7","Mya arenaria",133,"Mya arenaria","Mya arenaria","MOBI","0402","0635","EP","D","F","Om","pom/phy/zoo","Su","EP-Su","Mya arenaria"
"Mya arenaria","2015","B5","Mya arenaria",66,"Mya arenaria","Mya arenaria","MOBI","0402","0635","EP","D","F","Om","pom/phy/zoo","Su","EP-Su","Mya arenaria"
"Mya truncata","2014","B8","Mya truncata",33,"Mya truncata","Mya truncata","MOBI","0402","0640","EP","D","F","Om","pom/phy/zoo","Su","EP-Su","Mya truncata"
"Myriochele olgae","1999","C4","Myriochele oculata",89,NA,"Myriochele olgae","POSE","0274","1000","SR","D","T","Om","sed/pom/mic/dia","De","SR-De","Myriochele olgae"
"Myriochele olgae","1999","B5","Myriochele oculata",178,NA,"Myriochele olgae","POSE","0274","1000","SR","D","T","Om","sed/pom/mic/dia","De","SR-De","Myriochele olgae"
"Mytilus eduliscomplex","1999","E3","Mytilus edulis",356,NA,"Mytilus eduliscomplex","MOBI","0404","0663","EP","D","A","Om","pom/phy/zoo","Su","EP-Su","Mytilus eduliscomplex"
"Mytilus eduliscomplex","1999","B5","Mytilus edulis",889,NA,"Mytilus eduliscomplex","MOBI","0404","0663","EP","D","A","Om","pom/phy/zoo","Su","EP-Su","Mytilus eduliscomplex"
"Mytilus eduliscomplex","2015","E3","Mytilus edulis",33,NA,"Mytilus eduliscomplex","MOBI","0404","0663","EP","D","A","Om","pom/phy/zoo","Su","EP-Su","Mytilus eduliscomplex"
"Mytilus eduliscomplex","2015","B5","Mytilus edulis",233,NA,"Mytilus eduliscomplex","MOBI","0404","0663","EP","D","A","Om","pom/phy/zoo","Su","EP-Su","Mytilus eduliscomplex"
"Mytilus eduliscomplex","1999","C4","Mytilus edulis",1244,NA,"Mytilus eduliscomplex","MOBI","0404","0663","EP","D","A","Om","pom/phy/zoo","Su","EP-Su","Mytilus eduliscomplex"
"Mytilus eduliscomplex","2015","C4","Mytilus edulis",133,NA,"Mytilus eduliscomplex","MOBI","0404","0663","EP","D","A","Om","pom/phy/zoo","Su","EP-Su","Mytilus eduliscomplex"
"Mytilus eduliscomplex","1999","B8","Mytilus edulis",133,NA,"Mytilus eduliscomplex","MOBI","0404","0663","EP","D","A","Om","pom/phy/zoo","Su","EP-Su","Mytilus eduliscomplex"
"Naineris uncinata","2014","E3","Naineris quadricuspida",100,NA,"Naineris uncinata","POSE","0272","1009","SS","M","F","Om","sed/pom/mic","De","SS-De","Naineris uncinata"
"Naineris uncinata","2014","E4","Naineris quadricuspida",25,NA,"Naineris uncinata","POSE","0272","1009","SS","M","F","Om","sed/pom/mic","De","SS-De","Naineris uncinata"
"Nereis pelagica","2014","E3","Nereis pelagica",33,"Nereis pelagica","Nereis pelagica","POER","0204","0750","SR","D","T","Om","pom/mic/dia","Dt/Pr","SR-Om-mic","Nereis pelagica"
"Nereis procera","2016","E3","Cistenides hyperborea",33,NA,"Nereis procera","POER","0204","0760","SR","D","T","Om","pom/mic/dia","Dt/Pr","SR-Om-mic","Nereis procera"
"Nicolea zostericola","2017","E3","Nicolea zostericola",33,"Nicolea zostericola","Nicolea zostericola","POSE","0314","1064","SR","D","T","Om","sed/pom/mic/dia","De","SR-De","Nicolea zostericola"
"Notomastus latericeus","2017","B5","Notomastus latericeus",33,"Notomastus latericeus","Notomastus latericeus","POSE","0248","1080","SS","D","F","Om","sed/pom/mic","De","SS-De","Notomastus latericeus"
"Nuculana minuta","2016","C4","Nuculana minuta",100,"Nuculana minuta","Nuculana minuta","MOBI","0412","0710","SR","D","F","Om","sed/pom/mic","De","SR-De","Nuculana minuta"
"Nuculana minuta","2016","E3","Nuculana minuta",66,"Nuculana minuta","Nuculana minuta","MOBI","0412","0710","SR","D","F","Om","sed/pom/mic","De","SR-De","Nuculana minuta"
"Nuculana minuta","2016","B8","Nuculana minuta",33,"Nuculana minuta","Nuculana minuta","MOBI","0412","0710","SR","D","F","Om","sed/pom/mic","De","SR-De","Nuculana minuta"
"Nuculana pernula","2016","C4","Nuculana pernula",66,"Nuculana pernula","Nuculana pernula","MOBI","0412","0709","SR","D","F","Om","sed/pom/mic","De","SR-De","Nuculana pernula"
"Nuculana pernula","2016","B5","Nuculana pernula",100,"Nuculana pernula","Nuculana pernula","MOBI","0412","0709","SR","D","F","Om","sed/pom/mic","De","SR-De","Nuculana pernula"
"Nuculana pernula","2016","B8","Nuculana pernula",333,"Nuculana pernula","Nuculana pernula","MOBI","0412","0709","SR","D","F","Om","sed/pom/mic","De","SR-De","Nuculana pernula"
"Nutricola tantilla","2014","E3","Tunicata",57,NA,"Nutricola tantilla","MOBI","0472","0745","EP","D","F","Om","pom/phy","Su","EP-Su","Nutricola tantilla"
"Nutricola tantilla","2015","E3","Tunicata",133,NA,"Nutricola tantilla","MOBI","0472","0745","EP","D","F","Om","pom/phy","Su","EP-Su","Nutricola tantilla"
"Ophelina acuminata","2016","A7","Ophelina acuminata",1218,"Ophelina acuminata","Ophelina acuminata","POSE","0270","1140","SS","M","F","Om","sed/pom/mic","De","SS-De","Ophelina acuminata"
"Ophelina acuminata","2017","E3","Ophelina acuminata",33,"Ophelina acuminata","Ophelina acuminata","POSE","0270","1140","SS","M","F","Om","sed/pom/mic","De","SS-De","Ophelina acuminata"
"Ophelina acuminata","2015","C4","Ophelina acuminata",1025,"Ophelina acuminata","Ophelina acuminata","POSE","0270","1140","SS","M","F","Om","sed/pom/mic","De","SS-De","Ophelina acuminata"
"Ophelina acuminata","1999","B8","Ophelina acuminata",267,"Ophelina acuminata","Ophelina acuminata","POSE","0270","1140","SS","M","F","Om","sed/pom/mic","De","SS-De","Ophelina acuminata"
"Ophelina acuminata","2017","C4","Ophelina acuminata",1600,"Ophelina acuminata","Ophelina acuminata","POSE","0270","1140","SS","M","F","Om","sed/pom/mic","De","SS-De","Ophelina acuminata"
"Ophelina acuminata","2016","E4","Ophelina acuminata",1700,"Ophelina acuminata","Ophelina acuminata","POSE","0270","1140","SS","M","F","Om","sed/pom/mic","De","SS-De","Ophelina acuminata"
"Ophelina acuminata","2015","A7","Ophelina acuminata",67,"Ophelina acuminata","Ophelina acuminata","POSE","0270","1140","SS","M","F","Om","sed/pom/mic","De","SS-De","Ophelina acuminata"
"Ophelina acuminata","2015","B5","Ophelina acuminata",982,"Ophelina acuminata","Ophelina acuminata","POSE","0270","1140","SS","M","F","Om","sed/pom/mic","De","SS-De","Ophelina acuminata"
"Ophelina acuminata","1999","C4","Ophelina acuminata",756,"Ophelina acuminata","Ophelina acuminata","POSE","0270","1140","SS","M","F","Om","sed/pom/mic","De","SS-De","Ophelina acuminata"
"Ophelina acuminata","2014","E3","Ophelina acuminata",8,"Ophelina acuminata","Ophelina acuminata","POSE","0270","1140","SS","M","F","Om","sed/pom/mic","De","SS-De","Ophelina acuminata"
"Ophelina acuminata","2016","B8","Ophelina acuminata",891,"Ophelina acuminata","Ophelina acuminata","POSE","0270","1140","SS","M","F","Om","sed/pom/mic","De","SS-De","Ophelina acuminata"
"Ophelina acuminata","2015","E3","Ophelina acuminata",899,"Ophelina acuminata","Ophelina acuminata","POSE","0270","1140","SS","M","F","Om","sed/pom/mic","De","SS-De","Ophelina acuminata"
"Ophelina acuminata","2015","E4","Ophelina acuminata",417,"Ophelina acuminata","Ophelina acuminata","POSE","0270","1140","SS","M","F","Om","sed/pom/mic","De","SS-De","Ophelina acuminata"
"Ophelina acuminata","2016","E3","Ophelina acuminata",1457,"Ophelina acuminata","Ophelina acuminata","POSE","0270","1140","SS","M","F","Om","sed/pom/mic","De","SS-De","Ophelina acuminata"
"Ophelina acuminata","2016","C4","Ophelina acuminata",3474,"Ophelina acuminata","Ophelina acuminata","POSE","0270","1140","SS","M","F","Om","sed/pom/mic","De","SS-De","Ophelina acuminata"
"Ophelina acuminata","2017","E4","Ophelina acuminata",733,"Ophelina acuminata","Ophelina acuminata","POSE","0270","1140","SS","M","F","Om","sed/pom/mic","De","SS-De","Ophelina acuminata"
"Ophelina acuminata","2017","A7","Ophelina acuminata",108,"Ophelina acuminata","Ophelina acuminata","POSE","0270","1140","SS","M","F","Om","sed/pom/mic","De","SS-De","Ophelina acuminata"
"Ophelina acuminata","2017","B5","Ophelina acuminata",408,"Ophelina acuminata","Ophelina acuminata","POSE","0270","1140","SS","M","F","Om","sed/pom/mic","De","SS-De","Ophelina acuminata"
"Ophelina acuminata","2016","B5","Ophelina acuminata",2408,"Ophelina acuminata","Ophelina acuminata","POSE","0270","1140","SS","M","F","Om","sed/pom/mic","De","SS-De","Ophelina acuminata"
"Ophelina acuminata","1999","A7","Ophelina acuminata",89,"Ophelina acuminata","Ophelina acuminata","POSE","0270","1140","SS","M","F","Om","sed/pom/mic","De","SS-De","Ophelina acuminata"
"Ophelina acuminata","2014","C4","Ophelina acuminata",8,"Ophelina acuminata","Ophelina acuminata","POSE","0270","1140","SS","M","F","Om","sed/pom/mic","De","SS-De","Ophelina acuminata"
"Ophelina acuminata","2017","B8","Ophelina acuminata",276,"Ophelina acuminata","Ophelina acuminata","POSE","0270","1140","SS","M","F","Om","sed/pom/mic","De","SS-De","Ophelina acuminata"
"Ophelina acuminata","2015","B8","Ophelina acuminata",142,"Ophelina acuminata","Ophelina acuminata","POSE","0270","1140","SS","M","F","Om","sed/pom/mic","De","SS-De","Ophelina acuminata"
"Parougia caeca","2015","E4","Parougia nigridentata",33,NA,"Parougia caeca","POER","0172","0875","SS","M","F","Om","pom/mic","Dt","SS-Om-mic","Parougia caeca"
"Parvilucina tenuisculpta","2017","E4","Parvicardium pinnulatum",133,NA,"Parvilucina tenuisculpta","MOBI","0392","0800","SR","D","F","Om","sed/pom/mic","De/Ch","SR-Ch-Om","Parvilucina tenuisculpta"
"Pectinaria granulata","1999","B8","Pectinaria granulata",89,"Pectinaria granulata","Pectinaria granulata","POSE","0280","1250","SS","D","T","Om","sed/pom/mic","De","SS-De","Pectinaria granulata"
"Pectinaria granulata","2014","E3","Pectinaria granulata",8,"Pectinaria granulata","Pectinaria granulata","POSE","0280","1250","SS","D","T","Om","sed/pom/mic","De","SS-De","Pectinaria granulata"
"Pectinaria granulata","1999","C4","Pectinaria granulata",356,"Pectinaria granulata","Pectinaria granulata","POSE","0280","1250","SS","D","T","Om","sed/pom/mic","De","SS-De","Pectinaria granulata"
"Pectinaria granulata","2017","E3","Pectinaria granulata",41,"Pectinaria granulata","Pectinaria granulata","POSE","0280","1250","SS","D","T","Om","sed/pom/mic","De","SS-De","Pectinaria granulata"
"Pectinaria granulata","1999","A7","Pectinaria granulata",44,"Pectinaria granulata","Pectinaria granulata","POSE","0280","1250","SS","D","T","Om","sed/pom/mic","De","SS-De","Pectinaria granulata"
"Pectinaria granulata","1999","B5","Pectinaria granulata",533,"Pectinaria granulata","Pectinaria granulata","POSE","0280","1250","SS","D","T","Om","sed/pom/mic","De","SS-De","Pectinaria granulata"
"Pectinaria granulata","2015","E3","Pectinaria granulata",34,"Pectinaria granulata","Pectinaria granulata","POSE","0280","1250","SS","D","T","Om","sed/pom/mic","De","SS-De","Pectinaria granulata"
"Pectinaria granulata","1999","E4","Pectinaria granulata",44,"Pectinaria granulata","Pectinaria granulata","POSE","0280","1250","SS","D","T","Om","sed/pom/mic","De","SS-De","Pectinaria granulata"
"Pectinaria moorei","2016","B8","Pectinaria koreni",41,NA,"Pectinaria moorei","POSE","0280","1260","SS","D","T","Om","sed/pom/mic","De","SS-De","Pectinaria moorei"
"Pectinaria moorei","2017","B5","Pectinaria koreni",66,NA,"Pectinaria moorei","POSE","0280","1260","SS","D","T","Om","sed/pom/mic","De","SS-De","Pectinaria moorei"
"Pectinaria moorei","2015","A7","Pectinaria koreni",33,NA,"Pectinaria moorei","POSE","0280","1260","SS","D","T","Om","sed/pom/mic","De","SS-De","Pectinaria moorei"
"Pectinaria moorei","2014","C4","Pectinaria koreni",33,NA,"Pectinaria moorei","POSE","0280","1260","SS","D","T","Om","sed/pom/mic","De","SS-De","Pectinaria moorei"
"Pectinaria moorei","2015","B8","Pectinaria koreni",17,NA,"Pectinaria moorei","POSE","0280","1260","SS","D","T","Om","sed/pom/mic","De","SS-De","Pectinaria moorei"
"Pectinaria moorei","2015","B5","Pectinaria koreni",16,NA,"Pectinaria moorei","POSE","0280","1260","SS","D","T","Om","sed/pom/mic","De","SS-De","Pectinaria moorei"
"Pectinaria moorei","2015","C4","Pectinaria koreni",33,NA,"Pectinaria moorei","POSE","0280","1260","SS","D","T","Om","sed/pom/mic","De","SS-De","Pectinaria moorei"
"Pectinaria moorei","2017","C4","Pectinaria koreni",82,NA,"Pectinaria moorei","POSE","0280","1260","SS","D","T","Om","sed/pom/mic","De","SS-De","Pectinaria moorei"
"Pectinaria moorei","2015","E3","Pectinaria koreni",33,NA,"Pectinaria moorei","POSE","0280","1260","SS","D","T","Om","sed/pom/mic","De","SS-De","Pectinaria moorei"
"Pectinaria moorei","2014","E3","Pectinaria koreni",67,NA,"Pectinaria moorei","POSE","0280","1260","SS","D","T","Om","sed/pom/mic","De","SS-De","Pectinaria moorei"
"Peramphithoe plea","2017","E3","Dexamine thea",33,NA,"Peramphithoe plea","CRAM","0766","1278","SR","M","B","He","alg","Br","SR-He-mac","Peramphithoe plea"
"Pherusa plumosa","2017","E3","Pherusa plumosa",33,"Pherusa plumosa","Pherusa plumosa","POSE","0260","1330","SR","D","F","Om","sed/pom/mic/dia","De","SR-De","Pherusa plumosa"
"Philomedes dentata","1999","C4","Philomedes globosus",89,NA,"Philomedes dentata","CROS","0682","0070","SR","M","F","Om","pom","Dt","SR-Dt","Philomedes dentata"
"Philomedes dentata","1999","E3","Philomedes globosus",133,NA,"Philomedes dentata","CROS","0682","0070","SR","M","F","Om","pom","Dt","SR-Dt","Philomedes dentata"
"Pholoe minuta","2017","E4","Pholoe minuta",33,"Pholoe minuta","Pholoe minuta","POER","0212","0890","SS","M","F","Ca","mac","Pr","SS-Pr-mac","Pholoe minuta"
"Pholoe minuta","2015","C4","Pholoe minuta",33,"Pholoe minuta","Pholoe minuta","POER","0212","0890","SS","M","F","Ca","mac","Pr","SS-Pr-mac","Pholoe minuta"
"Pholoe minuta","1999","E4","Pholoe minuta",44,"Pholoe minuta","Pholoe minuta","POER","0212","0890","SS","M","F","Ca","mac","Pr","SS-Pr-mac","Pholoe minuta"
"Pholoe minuta","2016","B8","Pholoe minuta",67,"Pholoe minuta","Pholoe minuta","POER","0212","0890","SS","M","F","Ca","mac","Pr","SS-Pr-mac","Pholoe minuta"
"Pholoe minuta","2015","E4","Pholoe minuta",67,"Pholoe minuta","Pholoe minuta","POER","0212","0890","SS","M","F","Ca","mac","Pr","SS-Pr-mac","Pholoe minuta"
"Pholoe minuta","1999","B5","Pholoe minuta",178,"Pholoe minuta","Pholoe minuta","POER","0212","0890","SS","M","F","Ca","mac","Pr","SS-Pr-mac","Pholoe minuta"
"Pholoe minuta","1999","C4","Pholoe minuta",44,"Pholoe minuta","Pholoe minuta","POER","0212","0890","SS","M","F","Ca","mac","Pr","SS-Pr-mac","Pholoe minuta"
"Phyllodoce maculata","2014","C4","Phyllodoce maculata",66,"Phyllodoce maculata","Phyllodoce maculata","POER","0214","0956","SS","M","F","Ca","mac","Pr/Sc","SS-Sc-mac","Phyllodoce maculata"
"Phyllodoce maculata","2015","E3","Phyllodoce maculata",134,"Phyllodoce maculata","Phyllodoce maculata","POER","0214","0956","SS","M","F","Ca","mac","Pr/Sc","SS-Sc-mac","Phyllodoce maculata"
"Phyllodoce maculata","2014","E4","Phyllodoce maculata",33,"Phyllodoce maculata","Phyllodoce maculata","POER","0214","0956","SS","M","F","Ca","mac","Pr/Sc","SS-Sc-mac","Phyllodoce maculata"
"Phyllodoce maculata","2016","E3","Phyllodoce maculata",67,"Phyllodoce maculata","Phyllodoce maculata","POER","0214","0956","SS","M","F","Ca","mac","Pr/Sc","SS-Sc-mac","Phyllodoce maculata"
"Phyllodoce maculata","2014","B5","Phyllodoce maculata",33,"Phyllodoce maculata","Phyllodoce maculata","POER","0214","0956","SS","M","F","Ca","mac","Pr/Sc","SS-Sc-mac","Phyllodoce maculata"
"Phyllodoce maculata","2017","E4","Phyllodoce maculata",416,"Phyllodoce maculata","Phyllodoce maculata","POER","0214","0956","SS","M","F","Ca","mac","Pr/Sc","SS-Sc-mac","Phyllodoce maculata"
"Phyllodoce maculata","2016","E4","Phyllodoce maculata",100,"Phyllodoce maculata","Phyllodoce maculata","POER","0214","0956","SS","M","F","Ca","mac","Pr/Sc","SS-Sc-mac","Phyllodoce maculata"
"Phyllodoce maculata","1999","E3","Phyllodoce maculata",89,"Phyllodoce maculata","Phyllodoce maculata","POER","0214","0956","SS","M","F","Ca","mac","Pr/Sc","SS-Sc-mac","Phyllodoce maculata"
"Phyllodoce maculata","2014","E3","Phyllodoce maculata",108,"Phyllodoce maculata","Phyllodoce maculata","POER","0214","0956","SS","M","F","Ca","mac","Pr/Sc","SS-Sc-mac","Phyllodoce maculata"
"Pilargis maculata","2016","C4","Abra prismatica",33,NA,"Pilargis maculata","POER","0216","0975","SR","M","F","Ca","mac/mei","Pr","SR-Pr-mei","Pilargis maculata"
"Pista cristata","1999","B8","Sternaspis scutata",133,NA,"Pista cristata","POSE","0314","1387","SR","D","T","Om","sed/pom/mic/dia","De","SR-De","Pista cristata"
"Pista cristata","1999","E4","Sternaspis scutata",178,NA,"Pista cristata","POSE","0314","1387","SR","D","T","Om","sed/pom/mic/dia","De","SR-De","Pista cristata"
"Pista cristata","1999","B5","Sternaspis scutata",444,NA,"Pista cristata","POSE","0314","1387","SR","D","T","Om","sed/pom/mic/dia","De","SR-De","Pista cristata"
"Pista cristata","1999","A7","Sternaspis scutata",44,NA,"Pista cristata","POSE","0314","1387","SR","D","T","Om","sed/pom/mic/dia","De","SR-De","Pista cristata"
"Pista cristata","1999","E3","Sternaspis scutata",1156,NA,"Pista cristata","POSE","0314","1387","SR","D","T","Om","sed/pom/mic/dia","De","SR-De","Pista cristata"
"Praxillella praetermissa","2016","B8","Praxillella praetermissa",108,"Praxillella praetermissa","Praxillella praetermissa","POSE","0266","1560","SS","D","T","Om","sed/pom/mic","De","SS-De","Praxillella praetermissa"
"Praxillella praetermissa","1999","B8","Praxillella praetermissa",133,"Praxillella praetermissa","Praxillella praetermissa","POSE","0266","1560","SS","D","T","Om","sed/pom/mic","De","SS-De","Praxillella praetermissa"
"Praxillella praetermissa","2015","B5","Praxillella praetermissa",8,"Praxillella praetermissa","Praxillella praetermissa","POSE","0266","1560","SS","D","T","Om","sed/pom/mic","De","SS-De","Praxillella praetermissa"
"Praxillella praetermissa","2017","B8","Praxillella praetermissa",225,"Praxillella praetermissa","Praxillella praetermissa","POSE","0266","1560","SS","D","T","Om","sed/pom/mic","De","SS-De","Praxillella praetermissa"
"Praxillella praetermissa","2017","B5","Praxillella praetermissa",283,"Praxillella praetermissa","Praxillella praetermissa","POSE","0266","1560","SS","D","T","Om","sed/pom/mic","De","SS-De","Praxillella praetermissa"
"Praxillella praetermissa","2015","E4","Praxillella praetermissa",42,"Praxillella praetermissa","Praxillella praetermissa","POSE","0266","1560","SS","D","T","Om","sed/pom/mic","De","SS-De","Praxillella praetermissa"
"Praxillella praetermissa","2016","E4","Praxillella praetermissa",8,"Praxillella praetermissa","Praxillella praetermissa","POSE","0266","1560","SS","D","T","Om","sed/pom/mic","De","SS-De","Praxillella praetermissa"
"Praxillella praetermissa","1999","B5","Praxillella praetermissa",178,"Praxillella praetermissa","Praxillella praetermissa","POSE","0266","1560","SS","D","T","Om","sed/pom/mic","De","SS-De","Praxillella praetermissa"
"Praxillella praetermissa","2017","A7","Praxillella praetermissa",259,"Praxillella praetermissa","Praxillella praetermissa","POSE","0266","1560","SS","D","T","Om","sed/pom/mic","De","SS-De","Praxillella praetermissa"
"Praxillella praetermissa","2016","E3","Praxillella praetermissa",133,"Praxillella praetermissa","Praxillella praetermissa","POSE","0266","1560","SS","D","T","Om","sed/pom/mic","De","SS-De","Praxillella praetermissa"
"Praxillella praetermissa","2014","E3","Praxillella praetermissa",58,"Praxillella praetermissa","Praxillella praetermissa","POSE","0266","1560","SS","D","T","Om","sed/pom/mic","De","SS-De","Praxillella praetermissa"
"Praxillella praetermissa","2017","E3","Praxillella praetermissa",367,"Praxillella praetermissa","Praxillella praetermissa","POSE","0266","1560","SS","D","T","Om","sed/pom/mic","De","SS-De","Praxillella praetermissa"
"Praxillella praetermissa","2013","E3","Praxillella praetermissa",50,"Praxillella praetermissa","Praxillella praetermissa","POSE","0266","1560","SS","D","T","Om","sed/pom/mic","De","SS-De","Praxillella praetermissa"
"Praxillella praetermissa","1999","A7","Praxillella praetermissa",89,"Praxillella praetermissa","Praxillella praetermissa","POSE","0266","1560","SS","D","T","Om","sed/pom/mic","De","SS-De","Praxillella praetermissa"
"Praxillella praetermissa","1999","E4","Praxillella praetermissa",222,"Praxillella praetermissa","Praxillella praetermissa","POSE","0266","1560","SS","D","T","Om","sed/pom/mic","De","SS-De","Praxillella praetermissa"
"Praxillella praetermissa","2017","E4","Praxillella praetermissa",382,"Praxillella praetermissa","Praxillella praetermissa","POSE","0266","1560","SS","D","T","Om","sed/pom/mic","De","SS-De","Praxillella praetermissa"
"Praxillella praetermissa","1999","E3","Praxillella praetermissa",889,"Praxillella praetermissa","Praxillella praetermissa","POSE","0266","1560","SS","D","T","Om","sed/pom/mic","De","SS-De","Praxillella praetermissa"
"Priapulus caudatus","2014","E4","Priapulus caudatus",8,"Priapulus caudatus","Priapulus caudatus","PRIA","1158","0040","SS","M","B","Ca","mac","Pr","SS-Pr-mac","Priapulus caudatus"
"Priapulus caudatus","1999","B5","Priapulus caudatus",178,"Priapulus caudatus","Priapulus caudatus","PRIA","1158","0040","SS","M","B","Ca","mac","Pr","SS-Pr-mac","Priapulus caudatus"
"Priapulus caudatus","2017","A7","Priapulus caudatus",33,"Priapulus caudatus","Priapulus caudatus","PRIA","1158","0040","SS","M","B","Ca","mac","Pr","SS-Pr-mac","Priapulus caudatus"
"Priapulus caudatus","2016","B8","Priapulus caudatus",74,"Priapulus caudatus","Priapulus caudatus","PRIA","1158","0040","SS","M","B","Ca","mac","Pr","SS-Pr-mac","Priapulus caudatus"
"Priapulus caudatus","2014","B5","Priapulus caudatus",16,"Priapulus caudatus","Priapulus caudatus","PRIA","1158","0040","SS","M","B","Ca","mac","Pr","SS-Pr-mac","Priapulus caudatus"
"Priapulus caudatus","2017","B5","Priapulus caudatus",33,"Priapulus caudatus","Priapulus caudatus","PRIA","1158","0040","SS","M","B","Ca","mac","Pr","SS-Pr-mac","Priapulus caudatus"
"Priapulus caudatus","2016","C4","Priapulus caudatus",108,"Priapulus caudatus","Priapulus caudatus","PRIA","1158","0040","SS","M","B","Ca","mac","Pr","SS-Pr-mac","Priapulus caudatus"
"Priapulus caudatus","2015","B5","Priapulus caudatus",33,"Priapulus caudatus","Priapulus caudatus","PRIA","1158","0040","SS","M","B","Ca","mac","Pr","SS-Pr-mac","Priapulus caudatus"
"Priapulus caudatus","2014","E3","Priapulus caudatus",8,"Priapulus caudatus","Priapulus caudatus","PRIA","1158","0040","SS","M","B","Ca","mac","Pr","SS-Pr-mac","Priapulus caudatus"
"Priapulus caudatus","2017","E4","Priapulus caudatus",33,"Priapulus caudatus","Priapulus caudatus","PRIA","1158","0040","SS","M","B","Ca","mac","Pr","SS-Pr-mac","Priapulus caudatus"
"Priapulus caudatus","2017","B8","Priapulus caudatus",33,"Priapulus caudatus","Priapulus caudatus","PRIA","1158","0040","SS","M","B","Ca","mac","Pr","SS-Pr-mac","Priapulus caudatus"
"Priapulus caudatus","2017","C4","Priapulus caudatus",100,"Priapulus caudatus","Priapulus caudatus","PRIA","1158","0040","SS","M","B","Ca","mac","Pr","SS-Pr-mac","Priapulus caudatus"
"Priapulus caudatus","1999","E3","Priapulus caudatus",44,"Priapulus caudatus","Priapulus caudatus","PRIA","1158","0040","SS","M","B","Ca","mac","Pr","SS-Pr-mac","Priapulus caudatus"
"Protomedeia fasciata","2015","E4","Protomedeia fasciata",33,"Protomedeia fasciata","Protomedeia fasciata","CRAM","0810","1490","SR","D","T","Om","pom/mic/dia/phy","Su","SR-Su","Protomedeia fasciata"
"Protomedeia fasciata","2014","B5","Protomedeia fasciata",58,"Protomedeia fasciata","Protomedeia fasciata","CRAM","0810","1490","SR","D","T","Om","pom/mic/dia/phy","Su","SR-Su","Protomedeia fasciata"
"Protomedeia fasciata","1999","E3","Protomedeia fasciata",44,"Protomedeia fasciata","Protomedeia fasciata","CRAM","0810","1490","SR","D","T","Om","pom/mic/dia/phy","Su","SR-Su","Protomedeia fasciata"
"Protomedeia fasciata","2014","E4","Protomedeia fasciata",75,"Protomedeia fasciata","Protomedeia fasciata","CRAM","0810","1490","SR","D","T","Om","pom/mic/dia/phy","Su","SR-Su","Protomedeia fasciata"
"Protomedeia fasciata","1999","C4","Protomedeia fasciata",222,"Protomedeia fasciata","Protomedeia fasciata","CRAM","0810","1490","SR","D","T","Om","pom/mic/dia/phy","Su","SR-Su","Protomedeia fasciata"
"Protomedeia fasciata","1999","A7","Protomedeia fasciata",311,"Protomedeia fasciata","Protomedeia fasciata","CRAM","0810","1490","SR","D","T","Om","pom/mic/dia/phy","Su","SR-Su","Protomedeia fasciata"
"Protomedeia fasciata","1999","B8","Protomedeia fasciata",933,"Protomedeia fasciata","Protomedeia fasciata","CRAM","0810","1490","SR","D","T","Om","pom/mic/dia/phy","Su","SR-Su","Protomedeia fasciata"
"Protomedeia fasciata","2016","E3","Protomedeia fasciata",33,"Protomedeia fasciata","Protomedeia fasciata","CRAM","0810","1490","SR","D","T","Om","pom/mic/dia/phy","Su","SR-Su","Protomedeia fasciata"
"Protomedeia fasciata","2017","C4","Protomedeia fasciata",33,"Protomedeia fasciata","Protomedeia fasciata","CRAM","0810","1490","SR","D","T","Om","pom/mic/dia/phy","Su","SR-Su","Protomedeia fasciata"
"Protomedeia fasciata","2017","E3","Protomedeia fasciata",33,"Protomedeia fasciata","Protomedeia fasciata","CRAM","0810","1490","SR","D","T","Om","pom/mic/dia/phy","Su","SR-Su","Protomedeia fasciata"
"Protomedeia fasciata","2014","E3","Protomedeia fasciata",166,"Protomedeia fasciata","Protomedeia fasciata","CRAM","0810","1490","SR","D","T","Om","pom/mic/dia/phy","Su","SR-Su","Protomedeia fasciata"
"Protomedeia fasciata","2015","E3","Protomedeia fasciata",266,"Protomedeia fasciata","Protomedeia fasciata","CRAM","0810","1490","SR","D","T","Om","pom/mic/dia/phy","Su","SR-Su","Protomedeia fasciata"
"Protomedeia fasciata","2017","E4","Protomedeia fasciata",933,"Protomedeia fasciata","Protomedeia fasciata","CRAM","0810","1490","SR","D","T","Om","pom/mic/dia/phy","Su","SR-Su","Protomedeia fasciata"
"Pseudopolydora paucibranchiata","2016","A7","Pseudopolydora antennata",33,NA,"Pseudopolydora paucibranchiata","POSE","0310","1491","SR","D","T","Om","sed/pom/mic/dia  /phy","De/Su","SR-De","Pseudopolydora paucibranchiata"
"Pseudopotamillanr. intermedia","1999","E3","Pseudopotamilla reniformis",44,NA,"Pseudopotamillanr. intermedia","POSE","0300","1563","EP","S","T","Om","pom/phy","Su","EP-Su","Pseudopotamillanr. intermedia"
"Rhachotropis clemens","1999","C4","Paroediceros lynceus",133,NA,"Rhachotropis clemens","CRAM","0798","1501","EP","M","F","Ca","zoo","Pr","EP-Pr-zoo","Rhachotropis clemens"
"Rhachotropis clemens","1999","E3","Paroediceros lynceus",356,NA,"Rhachotropis clemens","CRAM","0798","1501","EP","M","F","Ca","zoo","Pr","EP-Pr-zoo","Rhachotropis clemens"
"Rocinela americana","2015","C4","Arenicola marina",8,NA,"Rocinela americana","CRIS","0720","0125","EP","M","X","Ca","fis","Sp","EP-Sp-fis","Rocinela americana"
"Rocinela americana","2017","C4","Arenicola marina",33,NA,"Rocinela americana","CRIS","0720","0125","EP","M","X","Ca","fis","Sp","EP-Sp-fis","Rocinela americana"
"Rocinela americana","2014","C4","Arenicola marina",16,NA,"Rocinela americana","CRIS","0720","0125","EP","M","X","Ca","fis","Sp","EP-Sp-fis","Rocinela americana"
"Rocinela americana","2014","E4","Arenicola marina",33,NA,"Rocinela americana","CRIS","0720","0125","EP","M","X","Ca","fis","Sp","EP-Sp-fis","Rocinela americana"
"Scalibregma inflatum","2016","B8","Scalibregma inflatum",83,"Scalibregma inflatum","Scalibregma inflatum","POSE","0304","1680","SS","M","B","Om","sed/pom/mic","De","SS-De","Scalibregma inflatum"
"Scalibregma inflatum","2017","B5","Scalibregma inflatum",125,"Scalibregma inflatum","Scalibregma inflatum","POSE","0304","1680","SS","M","B","Om","sed/pom/mic","De","SS-De","Scalibregma inflatum"
"Scalibregma inflatum","2016","A7","Scalibregma inflatum",483,"Scalibregma inflatum","Scalibregma inflatum","POSE","0304","1680","SS","M","B","Om","sed/pom/mic","De","SS-De","Scalibregma inflatum"
"Scalibregma inflatum","2015","C4","Scalibregma inflatum",8,"Scalibregma inflatum","Scalibregma inflatum","POSE","0304","1680","SS","M","B","Om","sed/pom/mic","De","SS-De","Scalibregma inflatum"
"Scalibregma inflatum","1999","E4","Scalibregma inflatum",44,"Scalibregma inflatum","Scalibregma inflatum","POSE","0304","1680","SS","M","B","Om","sed/pom/mic","De","SS-De","Scalibregma inflatum"
"Scalibregma inflatum","2017","A7","Scalibregma inflatum",1467,"Scalibregma inflatum","Scalibregma inflatum","POSE","0304","1680","SS","M","B","Om","sed/pom/mic","De","SS-De","Scalibregma inflatum"
"Scalibregma inflatum","2016","C4","Scalibregma inflatum",233,"Scalibregma inflatum","Scalibregma inflatum","POSE","0304","1680","SS","M","B","Om","sed/pom/mic","De","SS-De","Scalibregma inflatum"
"Scalibregma inflatum","2015","A7","Scalibregma inflatum",41,"Scalibregma inflatum","Scalibregma inflatum","POSE","0304","1680","SS","M","B","Om","sed/pom/mic","De","SS-De","Scalibregma inflatum"
"Scalibregma inflatum","2016","E3","Scalibregma inflatum",174,"Scalibregma inflatum","Scalibregma inflatum","POSE","0304","1680","SS","M","B","Om","sed/pom/mic","De","SS-De","Scalibregma inflatum"
"Scalibregma inflatum","1999","C4","Scalibregma inflatum",311,"Scalibregma inflatum","Scalibregma inflatum","POSE","0304","1680","SS","M","B","Om","sed/pom/mic","De","SS-De","Scalibregma inflatum"
"Scalibregma inflatum","2017","E4","Scalibregma inflatum",100,"Scalibregma inflatum","Scalibregma inflatum","POSE","0304","1680","SS","M","B","Om","sed/pom/mic","De","SS-De","Scalibregma inflatum"
"Scalibregma inflatum","2017","B8","Scalibregma inflatum",2174,"Scalibregma inflatum","Scalibregma inflatum","POSE","0304","1680","SS","M","B","Om","sed/pom/mic","De","SS-De","Scalibregma inflatum"
"Scalibregma inflatum","2015","E4","Scalibregma inflatum",8,"Scalibregma inflatum","Scalibregma inflatum","POSE","0304","1680","SS","M","B","Om","sed/pom/mic","De","SS-De","Scalibregma inflatum"
"Scalibregma inflatum","2015","B5","Scalibregma inflatum",16,"Scalibregma inflatum","Scalibregma inflatum","POSE","0304","1680","SS","M","B","Om","sed/pom/mic","De","SS-De","Scalibregma inflatum"
"Scalibregma inflatum","2016","E4","Scalibregma inflatum",274,"Scalibregma inflatum","Scalibregma inflatum","POSE","0304","1680","SS","M","B","Om","sed/pom/mic","De","SS-De","Scalibregma inflatum"
"Scalibregma inflatum","2017","E3","Scalibregma inflatum",233,"Scalibregma inflatum","Scalibregma inflatum","POSE","0304","1680","SS","M","B","Om","sed/pom/mic","De","SS-De","Scalibregma inflatum"
"Scalibregma inflatum","1999","A7","Scalibregma inflatum",89,"Scalibregma inflatum","Scalibregma inflatum","POSE","0304","1680","SS","M","B","Om","sed/pom/mic","De","SS-De","Scalibregma inflatum"
"Scalibregma inflatum","2017","C4","Scalibregma inflatum",300,"Scalibregma inflatum","Scalibregma inflatum","POSE","0304","1680","SS","M","B","Om","sed/pom/mic","De","SS-De","Scalibregma inflatum"
"Scalibregma inflatum","1999","B8","Scalibregma inflatum",844,"Scalibregma inflatum","Scalibregma inflatum","POSE","0304","1680","SS","M","B","Om","sed/pom/mic","De","SS-De","Scalibregma inflatum"
"Scalibregma inflatum","1999","B5","Scalibregma inflatum",2222,"Scalibregma inflatum","Scalibregma inflatum","POSE","0304","1680","SS","M","B","Om","sed/pom/mic","De","SS-De","Scalibregma inflatum"
"Scalibregma inflatum","2016","B5","Scalibregma inflatum",341,"Scalibregma inflatum","Scalibregma inflatum","POSE","0304","1680","SS","M","B","Om","sed/pom/mic","De","SS-De","Scalibregma inflatum"
"Scoloplos armiger","2016","E4","Scoloplos armiger",375,"Scoloplos armiger","Scoloplos armiger","POSE","0272","1745","SS","M","F","Om","sed/pom/mic","De","SS-De","Scoloplos armiger"
"Scoloplos armiger","1999","B5","Scoloplos armiger",400,"Scoloplos armiger","Scoloplos armiger","POSE","0272","1745","SS","M","F","Om","sed/pom/mic","De","SS-De","Scoloplos armiger"
"Scoloplos armiger","2014","E3","Scoloplos armiger",66,"Scoloplos armiger","Scoloplos armiger","POSE","0272","1745","SS","M","F","Om","sed/pom/mic","De","SS-De","Scoloplos armiger"
"Scoloplos armiger","2015","C4","Scoloplos armiger",833,"Scoloplos armiger","Scoloplos armiger","POSE","0272","1745","SS","M","F","Om","sed/pom/mic","De","SS-De","Scoloplos armiger"
"Scoloplos armiger","2016","B8","Scoloplos armiger",166,"Scoloplos armiger","Scoloplos armiger","POSE","0272","1745","SS","M","F","Om","sed/pom/mic","De","SS-De","Scoloplos armiger"
"Scoloplos armiger","2017","A7","Scoloplos armiger",400,"Scoloplos armiger","Scoloplos armiger","POSE","0272","1745","SS","M","F","Om","sed/pom/mic","De","SS-De","Scoloplos armiger"
"Scoloplos armiger","2017","B5","Scoloplos armiger",651,"Scoloplos armiger","Scoloplos armiger","POSE","0272","1745","SS","M","F","Om","sed/pom/mic","De","SS-De","Scoloplos armiger"
"Scoloplos armiger","2017","E4","Scoloplos armiger",833,"Scoloplos armiger","Scoloplos armiger","POSE","0272","1745","SS","M","F","Om","sed/pom/mic","De","SS-De","Scoloplos armiger"
"Scoloplos armiger","2014","E4","Scoloplos armiger",67,"Scoloplos armiger","Scoloplos armiger","POSE","0272","1745","SS","M","F","Om","sed/pom/mic","De","SS-De","Scoloplos armiger"
"Scoloplos armiger","2014","C4","Scoloplos armiger",84,"Scoloplos armiger","Scoloplos armiger","POSE","0272","1745","SS","M","F","Om","sed/pom/mic","De","SS-De","Scoloplos armiger"
"Scoloplos armiger","1999","E4","Scoloplos armiger",133,"Scoloplos armiger","Scoloplos armiger","POSE","0272","1745","SS","M","F","Om","sed/pom/mic","De","SS-De","Scoloplos armiger"
"Scoloplos armiger","2015","E3","Scoloplos armiger",199,"Scoloplos armiger","Scoloplos armiger","POSE","0272","1745","SS","M","F","Om","sed/pom/mic","De","SS-De","Scoloplos armiger"
"Scoloplos armiger","1999","E3","Scoloplos armiger",356,"Scoloplos armiger","Scoloplos armiger","POSE","0272","1745","SS","M","F","Om","sed/pom/mic","De","SS-De","Scoloplos armiger"
"Scoloplos armiger","2015","A7","Scoloplos armiger",33,"Scoloplos armiger","Scoloplos armiger","POSE","0272","1745","SS","M","F","Om","sed/pom/mic","De","SS-De","Scoloplos armiger"
"Scoloplos armiger","1999","A7","Scoloplos armiger",89,"Scoloplos armiger","Scoloplos armiger","POSE","0272","1745","SS","M","F","Om","sed/pom/mic","De","SS-De","Scoloplos armiger"
"Scoloplos armiger","2017","C4","Scoloplos armiger",708,"Scoloplos armiger","Scoloplos armiger","POSE","0272","1745","SS","M","F","Om","sed/pom/mic","De","SS-De","Scoloplos armiger"
"Scoloplos armiger","2014","B5","Scoloplos armiger",8,"Scoloplos armiger","Scoloplos armiger","POSE","0272","1745","SS","M","F","Om","sed/pom/mic","De","SS-De","Scoloplos armiger"
"Scoloplos armiger","2015","B5","Scoloplos armiger",250,"Scoloplos armiger","Scoloplos armiger","POSE","0272","1745","SS","M","F","Om","sed/pom/mic","De","SS-De","Scoloplos armiger"
"Scoloplos armiger","2017","B8","Scoloplos armiger",333,"Scoloplos armiger","Scoloplos armiger","POSE","0272","1745","SS","M","F","Om","sed/pom/mic","De","SS-De","Scoloplos armiger"
"Scoloplos armiger","2016","A7","Scoloplos armiger",400,"Scoloplos armiger","Scoloplos armiger","POSE","0272","1745","SS","M","F","Om","sed/pom/mic","De","SS-De","Scoloplos armiger"
"Scoloplos armiger","1999","B8","Scoloplos armiger",178,"Scoloplos armiger","Scoloplos armiger","POSE","0272","1745","SS","M","F","Om","sed/pom/mic","De","SS-De","Scoloplos armiger"
"Scoloplos armiger","1999","C4","Scoloplos armiger",267,"Scoloplos armiger","Scoloplos armiger","POSE","0272","1745","SS","M","F","Om","sed/pom/mic","De","SS-De","Scoloplos armiger"
"Scoloplos armiger","2016","E3","Scoloplos armiger",274,"Scoloplos armiger","Scoloplos armiger","POSE","0272","1745","SS","M","F","Om","sed/pom/mic","De","SS-De","Scoloplos armiger"
"Scoloplos armiger","2016","C4","Scoloplos armiger",1175,"Scoloplos armiger","Scoloplos armiger","POSE","0272","1745","SS","M","F","Om","sed/pom/mic","De","SS-De","Scoloplos armiger"
"Scoloplos armiger","2015","B8","Scoloplos armiger",174,"Scoloplos armiger","Scoloplos armiger","POSE","0272","1745","SS","M","F","Om","sed/pom/mic","De","SS-De","Scoloplos armiger"
"Scoloplos armiger","2017","E3","Scoloplos armiger",574,"Scoloplos armiger","Scoloplos armiger","POSE","0272","1745","SS","M","F","Om","sed/pom/mic","De","SS-De","Scoloplos armiger"
"Scoloplos armiger","2013","C4","Scoloplos armiger",25,"Scoloplos armiger","Scoloplos armiger","POSE","0272","1745","SS","M","F","Om","sed/pom/mic","De","SS-De","Scoloplos armiger"
"Serripes groenlandicus","2016","A7","Serripes groenlandicus",41,"Serripes groenlandicus","Serripes groenlandicus","MOBI","0354","0877","EP","D","B","Om","pom/phy","Su","EP-Su","Serripes groenlandicus"
"Serripes groenlandicus","2016","B8","Serripes groenlandicus",33,"Serripes groenlandicus","Serripes groenlandicus","MOBI","0354","0877","EP","D","B","Om","pom/phy","Su","EP-Su","Serripes groenlandicus"
"Serripes groenlandicus","2017","B5","Serripes groenlandicus",33,"Serripes groenlandicus","Serripes groenlandicus","MOBI","0354","0877","EP","D","B","Om","pom/phy","Su","EP-Su","Serripes groenlandicus"
"Serripes groenlandicus","2015","E3","Serripes groenlandicus",33,"Serripes groenlandicus","Serripes groenlandicus","MOBI","0354","0877","EP","D","B","Om","pom/phy","Su","EP-Su","Serripes groenlandicus"
"Sphaerodoropsis minuta","2016","B8","Sphaerodoropsis minuta",33,"Sphaerodoropsis minuta","Sphaerodoropsis minuta","POER","0226","1077","SR","M","F","Om","pom/mic/dia","Dt","SR-Dt","Sphaerodoropsis minuta"
"Sphaerosyllis ranunculus","2015","E3","Sphaerosyllis erinaceus",133,NA,"Sphaerosyllis ranunculus","POER","0228","1090","SR","M","F","He","dia","Dt","SR-He-mic","Sphaerosyllis ranunculus"
"Sphaerosyllis ranunculus","2017","E4","Sphaerosyllis erinaceus",67,NA,"Sphaerosyllis ranunculus","POER","0228","1090","SR","M","F","He","dia","Dt","SR-He-mic","Sphaerosyllis ranunculus"
"Sphaerosyllis ranunculus","2017","E3","Sphaerosyllis erinaceus",67,NA,"Sphaerosyllis ranunculus","POER","0228","1090","SR","M","F","He","dia","Dt","SR-He-mic","Sphaerosyllis ranunculus"
"Sphaerosyllis ranunculus","2014","B5","Sphaerosyllis erinaceus",8,NA,"Sphaerosyllis ranunculus","POER","0228","1090","SR","M","F","He","dia","Dt","SR-He-mic","Sphaerosyllis ranunculus"
"Sphaerosyllis ranunculus","2014","E3","Sphaerosyllis erinaceus",66,NA,"Sphaerosyllis ranunculus","POER","0228","1090","SR","M","F","He","dia","Dt","SR-He-mic","Sphaerosyllis ranunculus"
"Sphaerosyllis ranunculus","2015","A7","Sphaerosyllis erinaceus",33,NA,"Sphaerosyllis ranunculus","POER","0228","1090","SR","M","F","He","dia","Dt","SR-He-mic","Sphaerosyllis ranunculus"
"Spio filicornis","2016","B8","Spio filicornis",74,"Spio filicornis","Spio filicornis","POSE","0310","1778","SR","D","T","Om","sed/pom/mic/dia/phy","De/Su","SR-De","Spio filicornis"
"Spio filicornis","2016","C4","Spio filicornis",575,"Spio filicornis","Spio filicornis","POSE","0310","1778","SR","D","T","Om","sed/pom/mic/dia/phy","De/Su","SR-De","Spio filicornis"
"Spio filicornis","2016","E4","Spio filicornis",3382,"Spio filicornis","Spio filicornis","POSE","0310","1778","SR","D","T","Om","sed/pom/mic/dia/phy","De/Su","SR-De","Spio filicornis"
"Spio filicornis","2016","B5","Spio filicornis",308,"Spio filicornis","Spio filicornis","POSE","0310","1778","SR","D","T","Om","sed/pom/mic/dia/phy","De/Su","SR-De","Spio filicornis"
"Spio filicornis","2016","E3","Spio filicornis",2759,"Spio filicornis","Spio filicornis","POSE","0310","1778","SR","D","T","Om","sed/pom/mic/dia/phy","De/Su","SR-De","Spio filicornis"
"Spio filicornis","2016","A7","Spio filicornis",50,"Spio filicornis","Spio filicornis","POSE","0310","1778","SR","D","T","Om","sed/pom/mic/dia/phy","De/Su","SR-De","Spio filicornis"
"Syllis gracilis","1999","B8","Syllis gracilis",89,"Syllis gracilis","Syllis gracilis","POER","0228","1170","SR","M","F","Ca","mei","Pr","SR-Pr-mei","Syllis gracilis"
"Syllis gracilis","1999","E4","Syllis gracilis",44,"Syllis gracilis","Syllis gracilis","POER","0228","1170","SR","M","F","Ca","mei","Pr","SR-Pr-mei","Syllis gracilis"
"Tectura persona","2014","B8","Verruca stroemia",33,NA,"Tectura persona","MOGA","0574","0579","SR","M","F","He","dia/alg","Gr","SR-He-mic","Tectura persona"
"Tectura persona","1999","C4","Retusa pertenuis",89,NA,"Tectura persona","MOGA","0574","0579","SR","M","F","He","dia/alg","Gr","SR-He-mic","Tectura persona"
"Tectura persona","1999","B8","Retusa pertenuis",44,NA,"Tectura persona","MOGA","0574","0579","SR","M","F","He","dia/alg","Gr","SR-He-mic","Tectura persona"
"Terebellides stroemi","2017","E3","Terebellides stroemii",33,NA,"Terebellides stroemi","POSE","0316","1930","SR","S","T","Om","sed/pom/mic/dia","De","SR-De","Terebellides stroemi"
"Terebellides stroemi","1999","A7","Terebellides stroemii",44,NA,"Terebellides stroemi","POSE","0316","1930","SR","S","T","Om","sed/pom/mic/dia","De","SR-De","Terebellides stroemi"
"Terebellides stroemi","1999","B5","Terebellides stroemii",1111,NA,"Terebellides stroemi","POSE","0316","1930","SR","S","T","Om","sed/pom/mic/dia","De","SR-De","Terebellides stroemi"
"Terebellides stroemi","1999","E4","Terebellides stroemii",133,NA,"Terebellides stroemi","POSE","0316","1930","SR","S","T","Om","sed/pom/mic/dia","De","SR-De","Terebellides stroemi"
"Terebellides stroemi","1999","B8","Terebellides stroemii",133,NA,"Terebellides stroemi","POSE","0316","1930","SR","S","T","Om","sed/pom/mic/dia","De","SR-De","Terebellides stroemi"
"Terebellides stroemi","2017","A7","Terebellides stroemii",8,NA,"Terebellides stroemi","POSE","0316","1930","SR","S","T","Om","sed/pom/mic/dia","De","SR-De","Terebellides stroemi"
"Terebellides stroemi","1999","E3","Terebellides stroemii",711,NA,"Terebellides stroemi","POSE","0316","1930","SR","S","T","Om","sed/pom/mic/dia","De","SR-De","Terebellides stroemi"
"Thyasira flexuosa","2017","E3","Thyasira flexuosa",67,"Thyasira flexuosa","Thyasira flexuosa","MOBI","0462","0990","SR","D","F","Om","pom/phy","Su/Ch","SR-Ch-Om","Thyasira flexuosa"
"Thyasira flexuosa","2017","A7","Thyasira flexuosa",33,"Thyasira flexuosa","Thyasira flexuosa","MOBI","0462","0990","SR","D","F","Om","pom/phy","Su/Ch","SR-Ch-Om","Thyasira flexuosa"
"Thyasira flexuosa","2017","E4","Thyasira flexuosa",67,"Thyasira flexuosa","Thyasira flexuosa","MOBI","0462","0990","SR","D","F","Om","pom/phy","Su/Ch","SR-Ch-Om","Thyasira flexuosa"
"Thyasira flexuosa","1999","E3","Thyasira flexuosa",178,"Thyasira flexuosa","Thyasira flexuosa","MOBI","0462","0990","SR","D","F","Om","pom/phy","Su/Ch","SR-Ch-Om","Thyasira flexuosa"
"Thyasira flexuosa","2017","B5","Thyasira flexuosa",166,"Thyasira flexuosa","Thyasira flexuosa","MOBI","0462","0990","SR","D","F","Om","pom/phy","Su/Ch","SR-Ch-Om","Thyasira flexuosa"
"Thyasira flexuosa","1999","B5","Thyasira flexuosa",178,"Thyasira flexuosa","Thyasira flexuosa","MOBI","0462","0990","SR","D","F","Om","pom/phy","Su/Ch","SR-Ch-Om","Thyasira flexuosa"
"Tiron biocellata","2017","E3","Onoba striata",33,NA,"Tiron biocellata","CRAM","0862","1570","EP","M","C","Ca","zoo","Pr","EP-Pr-zoo","Tiron biocellata"
"Tubificoides diazi","2017","B5","Tubificoides benedii",100,NA,"Tubificoides diazi","ANOL","1136","0196","SS","M","F","Om","sed/pom/mic/dia","De","SS-De","Tubificoides diazi"
"Tubificoides diazi","2014","C4","Tubificoides benedii",8,NA,"Tubificoides diazi","ANOL","1136","0196","SS","M","F","Om","sed/pom/mic/dia","De","SS-De","Tubificoides diazi"
"Tubificoides diazi","2013","C4","Tubificoides benedii",67,NA,"Tubificoides diazi","ANOL","1136","0196","SS","M","F","Om","sed/pom/mic/dia","De","SS-De","Tubificoides diazi"
"Tubificoides diazi","1999","C4","Tubificoides benedii",89,NA,"Tubificoides diazi","ANOL","1136","0196","SS","M","F","Om","sed/pom/mic/dia","De","SS-De","Tubificoides diazi"
"Tubificoides diazi","2015","C4","Tubificoides benedii",100,NA,"Tubificoides diazi","ANOL","1136","0196","SS","M","F","Om","sed/pom/mic/dia","De","SS-De","Tubificoides diazi"
"Tubificoides diazi","2017","C4","Tubificoides benedii",67,NA,"Tubificoides diazi","ANOL","1136","0196","SS","M","F","Om","sed/pom/mic/dia","De","SS-De","Tubificoides diazi"
"Typosyllis cornuta","1999","E3","Syllis cornuta",311,NA,"Typosyllis cornuta","POER","0228","1220","SR","M","F","Om","pom/mic/dia/mei","Pr/Dt","SR-Pr-mei","Typosyllis cornuta"
"Typosyllis cornuta","2014","E3","Syllis cornuta",8,NA,"Typosyllis cornuta","POER","0228","1220","SR","M","F","Om","pom/mic/dia/mei","Pr/Dt","SR-Pr-mei","Typosyllis cornuta"
"Typosyllis cornuta","2015","E3","Syllis cornuta",33,NA,"Typosyllis cornuta","POER","0228","1220","SR","M","F","Om","pom/mic/dia/mei","Pr/Dt","SR-Pr-mei","Typosyllis cornuta"
"Typosyllis cornuta","2017","C4","Syllis cornuta",33,NA,"Typosyllis cornuta","POER","0228","1220","SR","M","F","Om","pom/mic/dia/mei","Pr/Dt","SR-Pr-mei","Typosyllis cornuta"
"Typosyllis cornuta","2014","E4","Syllis cornuta",8,NA,"Typosyllis cornuta","POER","0228","1220","SR","M","F","Om","pom/mic/dia/mei","Pr/Dt","SR-Pr-mei","Typosyllis cornuta"
"Typosyllis cornuta","2015","C4","Syllis cornuta",33,NA,"Typosyllis cornuta","POER","0228","1220","SR","M","F","Om","pom/mic/dia/mei","Pr/Dt","SR-Pr-mei","Typosyllis cornuta"
"Typosyllis cornuta","2014","C4","Syllis cornuta",50,NA,"Typosyllis cornuta","POER","0228","1220","SR","M","F","Om","pom/mic/dia/mei","Pr/Dt","SR-Pr-mei","Typosyllis cornuta"
"Yoldia hyperborea","1999","B8","Yoldia hyperborea",44,"Yoldia hyperborea","Yoldia hyperborea","MOBI","0478","1015","SS","D","B","Om","sed/pom/mic","De","SS-De","Yoldia hyperborea"
"Yoldia hyperborea","1999","C4","Yoldia hyperborea",44,"Yoldia hyperborea","Yoldia hyperborea","MOBI","0478","1015","SS","D","B","Om","sed/pom/mic","De","SS-De","Yoldia hyperborea"
"Yoldia hyperborea","1999","B5","Yoldia hyperborea",133,"Yoldia hyperborea","Yoldia hyperborea","MOBI","0478","1015","SS","D","B","Om","sed/pom/mic","De","SS-De","Yoldia hyperborea"
